,tweet_id,jpg_url,img_num,p1,p1_conf,p1_dog,p2,p2_conf,p2_dog,p3,p3_conf,p3_dog
480,675354435921575936,https://pbs.twimg.com/ext_tw_video_thumb/675354114423808004/pu/img/qL1R_nGLqa6lmkOx.jpg,1,upright,0.303415,False,golden_retriever,0.181351,True,Brittany_spaniel,0.16208399999999998,True
1297,752309394570878976,https://pbs.twimg.com/ext_tw_video_thumb/675354114423808004/pu/img/qL1R_nGLqa6lmkOx.jpg,1,upright,0.303415,False,golden_retriever,0.181351,True,Brittany_spaniel,0.16208399999999998,True
1864,842892208864923648,https://pbs.twimg.com/ext_tw_video_thumb/807106774843039744/pu/img/8XZg1xW35Xp2J6JW.jpg,1,Chihuahua,0.50537,True,Pomeranian,0.120358,True,toy_terrier,0.0770081,True
1641,807106840509214720,https://pbs.twimg.com/ext_tw_video_thumb/807106774843039744/pu/img/8XZg1xW35Xp2J6JW.jpg,1,Chihuahua,0.50537,True,Pomeranian,0.120358,True,toy_terrier,0.0770081,True
1703,817181837579653120,https://pbs.twimg.com/ext_tw_video_thumb/815965888126062592/pu/img/JleSw4wRhgKDWQj5.jpg,1,Tibetan_mastiff,0.506312,True,Tibetan_terrier,0.29569,True,otterhound,0.0362507,True
1691,815966073409433600,https://pbs.twimg.com/ext_tw_video_thumb/815965888126062592/pu/img/JleSw4wRhgKDWQj5.jpg,1,Tibetan_mastiff,0.506312,True,Tibetan_terrier,0.29569,True,otterhound,0.0362507,True
1705,817423860136083457,https://pbs.twimg.com/ext_tw_video_thumb/817423809049493505/pu/img/5OFW0yueFu9oTUiQ.jpg,1,ice_bear,0.3362,False,Samoyed,0.201358,True,Eskimo_dog,0.186789,True
1858,841833993020538882,https://pbs.twimg.com/ext_tw_video_thumb/817423809049493505/pu/img/5OFW0yueFu9oTUiQ.jpg,1,ice_bear,0.3362,False,Samoyed,0.201358,True,Eskimo_dog,0.186789,True
1715,819004803107983360,https://pbs.twimg.com/media/C12whDoVEAALRxa.jpg,1,standard_poodle,0.351308,True,toy_poodle,0.271929,True,Tibetan_terrier,0.0947592,True
1718,819015337530290176,https://pbs.twimg.com/media/C12whDoVEAALRxa.jpg,1,standard_poodle,0.351308,True,toy_poodle,0.271929,True,Tibetan_terrier,0.0947592,True
1716,819006400881917954,https://pbs.twimg.com/media/C12x-JTVIAAzdfl.jpg,4,prison,0.907083,False,palace,0.0200891,False,umbrella,0.00784954,False
1717,819015331746349057,https://pbs.twimg.com/media/C12x-JTVIAAzdfl.jpg,4,prison,0.907083,False,palace,0.0200891,False,umbrella,0.00784954,False
1746,823269594223824897,https://pbs.twimg.com/media/C2kzTGxWEAEOpPL.jpg,1,Samoyed,0.585441,True,Pomeranian,0.193654,True,Arctic_fox,0.0716476,False
1738,822244816520155136,https://pbs.twimg.com/media/C2kzTGxWEAEOpPL.jpg,1,Samoyed,0.585441,True,Pomeranian,0.193654,True,Arctic_fox,0.0716476,False
1740,822489057087389700,https://pbs.twimg.com/media/C2oRbOuWEAAbVSl.jpg,1,Samoyed,0.416769,True,malamute,0.252706,True,kuvasz,0.157028,True
1742,822647212903690241,https://pbs.twimg.com/media/C2oRbOuWEAAbVSl.jpg,1,Samoyed,0.416769,True,malamute,0.252706,True,kuvasz,0.157028,True
1767,826958653328592898,https://pbs.twimg.com/media/C3nygbBWQAAjwcW.jpg,1,golden_retriever,0.6173890000000001,True,Labrador_retriever,0.33705300000000005,True,tennis_ball,0.00855442,False
1789,829878982036299777,https://pbs.twimg.com/media/C3nygbBWQAAjwcW.jpg,1,golden_retriever,0.6173890000000001,True,Labrador_retriever,0.33705300000000005,True,tennis_ball,0.00855442,False
1785,829374341691346946,https://pbs.twimg.com/media/C4KHj-nWQAA3poV.jpg,1,Staffordshire_bullterrier,0.757547,True,American_Staffordshire_terrier,0.14995,True,Chesapeake_Bay_retriever,0.0475227,True
1903,851953902622658560,https://pbs.twimg.com/media/C4KHj-nWQAA3poV.jpg,1,Staffordshire_bullterrier,0.757547,True,American_Staffordshire_terrier,0.14995,True,Chesapeake_Bay_retriever,0.0475227,True
2041,885311592912609280,https://pbs.twimg.com/media/C4bTH6nWMAAX_bJ.jpg,1,Labrador_retriever,0.908703,True,seat_belt,0.0570909,False,pug,0.0119335,True
1791,830583320585068544,https://pbs.twimg.com/media/C4bTH6nWMAAX_bJ.jpg,1,Labrador_retriever,0.908703,True,seat_belt,0.0570909,False,pug,0.0119335,True
224,670319130621435904,https://pbs.twimg.com/media/CU1zsMSUAAAS0qW.jpg,1,Irish_terrier,0.254856,True,briard,0.227716,True,soft-coated_wheaten_terrier,0.223263,True
1345,759159934323924993,https://pbs.twimg.com/media/CU1zsMSUAAAS0qW.jpg,1,Irish_terrier,0.254856,True,briard,0.227716,True,soft-coated_wheaten_terrier,0.223263,True
1590,798644042770751489,https://pbs.twimg.com/media/CU3mITUWIAAfyQS.jpg,1,English_springer,0.403698,True,Brittany_spaniel,0.347609,True,Welsh_springer_spaniel,0.137186,True
241,670444955656130560,https://pbs.twimg.com/media/CU3mITUWIAAfyQS.jpg,1,English_springer,0.403698,True,Brittany_spaniel,0.347609,True,Welsh_springer_spaniel,0.137186,True
1589,798628517273620480,https://pbs.twimg.com/media/CUN4Or5UAAAa5K4.jpg,1,beagle,0.636169,True,Labrador_retriever,0.119256,True,golden_retriever,0.08254919999999999,True
85,667509364010450944,https://pbs.twimg.com/media/CUN4Or5UAAAa5K4.jpg,1,beagle,0.636169,True,Labrador_retriever,0.119256,True,golden_retriever,0.08254919999999999,True
327,671896809300709376,https://pbs.twimg.com/media/CVMOlMiWwAA4Yxl.jpg,1,chow,0.243529,True,hamster,0.22715,False,Pomeranian,0.0560567,True
1591,798665375516884993,https://pbs.twimg.com/media/CVMOlMiWwAA4Yxl.jpg,1,chow,0.243529,True,hamster,0.22715,False,Pomeranian,0.0560567,True
487,675501075957489664,https://pbs.twimg.com/media/CV_cnjHWUAADc-c.jpg,1,dough,0.806757,False,bakery,0.0279066,False,French_loaf,0.0181889,False
1592,798673117451325440,https://pbs.twimg.com/media/CV_cnjHWUAADc-c.jpg,1,dough,0.806757,False,bakery,0.0279066,False,French_loaf,0.0181889,False
382,673320132811366400,https://pbs.twimg.com/media/CVgdFjNWEAAxmbq.jpg,3,Samoyed,0.978833,True,Pomeranian,0.012763,True,Eskimo_dog,0.00185305,True
1417,771171053431250945,https://pbs.twimg.com/media/CVgdFjNWEAAxmbq.jpg,3,Samoyed,0.978833,True,Pomeranian,0.012763,True,Eskimo_dog,0.00185305,True
1495,783347506784731136,https://pbs.twimg.com/media/CVuQ2LeUsAAIe3s.jpg,1,Cardigan,0.611525,True,Pembroke,0.368566,True,Chihuahua,0.00332957,True
432,674291837063053312,https://pbs.twimg.com/media/CVuQ2LeUsAAIe3s.jpg,1,Cardigan,0.611525,True,Pembroke,0.368566,True,Chihuahua,0.00332957,True
602,679828447187857408,https://pbs.twimg.com/media/CW88XN4WsAAlo8r.jpg,3,Chihuahua,0.346545,True,dalmatian,0.166246,True,toy_terrier,0.117502,True
1453,776819012571455488,https://pbs.twimg.com/media/CW88XN4WsAAlo8r.jpg,3,Chihuahua,0.346545,True,dalmatian,0.166246,True,toy_terrier,0.117502,True
1333,757729163776290825,https://pbs.twimg.com/media/CWyD2HGUYAQ1Xa7.jpg,2,cash_machine,0.802333,False,schipperke,0.0455186,True,German_shepherd,0.0233535,True
587,679062614270468097,https://pbs.twimg.com/media/CWyD2HGUYAQ1Xa7.jpg,2,cash_machine,0.802333,False,schipperke,0.0455186,True,German_shepherd,0.0233535,True
1315,754874841593970688,https://pbs.twimg.com/media/CWza7kpWcAAdYLc.jpg,1,pug,0.27220500000000003,True,bull_mastiff,0.25153000000000003,True,bath_towel,0.116806,False
591,679158373988876288,https://pbs.twimg.com/media/CWza7kpWcAAdYLc.jpg,1,pug,0.27220500000000003,True,bull_mastiff,0.25153000000000003,True,bath_towel,0.116806,False
713,685325112850124800,https://pbs.twimg.com/media/CYLDikFWEAAIy1y.jpg,1,golden_retriever,0.586937,True,Labrador_retriever,0.39826,True,kuvasz,0.00540969,True
1368,761750502866649088,https://pbs.twimg.com/media/CYLDikFWEAAIy1y.jpg,1,golden_retriever,0.586937,True,Labrador_retriever,0.39826,True,kuvasz,0.00540969,True
800,691416866452082688,https://pbs.twimg.com/media/CZhn-QAWwAASQan.jpg,1,Lakeland_terrier,0.530104,True,Irish_terrier,0.197314,True,Airedale,0.08251460000000001,True
1624,803692223237865472,https://pbs.twimg.com/media/CZhn-QAWwAASQan.jpg,1,Lakeland_terrier,0.530104,True,Irish_terrier,0.197314,True,Airedale,0.08251460000000001,True
1593,798694562394996736,https://pbs.twimg.com/media/Cbs3DOAXIAAp3Bd.jpg,1,Chihuahua,0.615163,True,Pembroke,0.15950899999999998,True,basenji,0.08446569999999999,True
915,701214700881756160,https://pbs.twimg.com/media/Cbs3DOAXIAAp3Bd.jpg,1,Chihuahua,0.615163,True,Pembroke,0.15950899999999998,True,basenji,0.08446569999999999,True
1463,778396591732486144,https://pbs.twimg.com/media/CcG07BYW0AErrC9.jpg,1,hippopotamus,0.581403,False,doormat,0.152445,False,sea_lion,0.0263643,False
930,703041949650034688,https://pbs.twimg.com/media/CcG07BYW0AErrC9.jpg,1,hippopotamus,0.581403,False,doormat,0.152445,False,sea_lion,0.0263643,False
985,707610948723478529,https://pbs.twimg.com/media/CdHwZd0VIAA4792.jpg,1,golden_retriever,0.383223,True,cocker_spaniel,0.16593,True,Chesapeake_Bay_retriever,0.118199,True
1487,782021823840026624,https://pbs.twimg.com/media/CdHwZd0VIAA4792.jpg,1,golden_retriever,0.383223,True,cocker_spaniel,0.16593,True,Chesapeake_Bay_retriever,0.118199,True
1594,798697898615730177,https://pbs.twimg.com/media/CeRoBaxWEAABi0X.jpg,1,Labrador_retriever,0.8686709999999999,True,carton,0.0950952,False,pug,0.00765137,True
1045,712809025985978368,https://pbs.twimg.com/media/CeRoBaxWEAABi0X.jpg,1,Labrador_retriever,0.8686709999999999,True,carton,0.0950952,False,pug,0.00765137,True
1118,725842289046749185,https://pbs.twimg.com/media/ChK1tdBWwAQ1flD.jpg,1,toy_poodle,0.420463,True,miniature_poodle,0.13264,True,Chesapeake_Bay_retriever,0.121523,True
1387,766078092750233600,https://pbs.twimg.com/media/ChK1tdBWwAQ1flD.jpg,1,toy_poodle,0.420463,True,miniature_poodle,0.13264,True,Chesapeake_Bay_retriever,0.121523,True
1150,732005617171337216,https://pbs.twimg.com/media/CiibOMzUYAA9Mxz.jpg,1,English_setter,0.677408,True,Border_collie,0.052724,True,cocker_spaniel,0.0485719,True
1693,816014286006976512,https://pbs.twimg.com/media/CiibOMzUYAA9Mxz.jpg,1,English_setter,0.677408,True,Border_collie,0.052724,True,cocker_spaniel,0.0485719,True
1155,733109485275860992,https://pbs.twimg.com/media/CiyHLocU4AI2pJu.jpg,1,golden_retriever,0.945523,True,Labrador_retriever,0.0423191,True,doormat,0.00395626,False
1446,775898661951791106,https://pbs.twimg.com/media/CiyHLocU4AI2pJu.jpg,1,golden_retriever,0.945523,True,Labrador_retriever,0.0423191,True,doormat,0.00395626,False
1476,780496263422808064,https://pbs.twimg.com/media/Ck2d7tJWUAEPTL3.jpg,1,pug,0.99731,True,Brabancon_griffon,0.00118563,True,French_bulldog,0.000427989,True
1209,742423170473463808,https://pbs.twimg.com/media/Ck2d7tJWUAEPTL3.jpg,1,pug,0.99731,True,Brabancon_griffon,0.00118563,True,French_bulldog,0.000427989,True
1349,759566828574212096,https://pbs.twimg.com/media/CkNjahBXAAQ2kWo.jpg,1,Labrador_retriever,0.967397,True,golden_retriever,0.0166414,True,ice_bear,0.0148576,False
1188,739544079319588864,https://pbs.twimg.com/media/CkNjahBXAAQ2kWo.jpg,1,Labrador_retriever,0.967397,True,golden_retriever,0.0166414,True,ice_bear,0.0148576,False
1201,741067306818797568,https://pbs.twimg.com/media/CkjMx99UoAM2B1a.jpg,1,golden_retriever,0.843799,True,Labrador_retriever,0.0529559,True,kelpie,0.0357111,True
1407,770093767776997377,https://pbs.twimg.com/media/CkjMx99UoAM2B1a.jpg,1,golden_retriever,0.843799,True,Labrador_retriever,0.0529559,True,kelpie,0.0357111,True
1456,777641927919427584,https://pbs.twimg.com/media/CmoPdmHW8AAi8BI.jpg,1,golden_retriever,0.964929,True,Labrador_retriever,0.0115837,True,refrigerator,0.00749862,False
1283,750429297815552001,https://pbs.twimg.com/media/CmoPdmHW8AAi8BI.jpg,1,golden_retriever,0.964929,True,Labrador_retriever,0.0115837,True,refrigerator,0.00749862,False
1360,761004547850530816,https://pbs.twimg.com/media/Co-hmcYXYAASkiG.jpg,1,golden_retriever,0.735163,True,Sussex_spaniel,0.064897,True,Labrador_retriever,0.0477037,True
1522,788070120937619456,https://pbs.twimg.com/media/Co-hmcYXYAASkiG.jpg,1,golden_retriever,0.735163,True,Sussex_spaniel,0.064897,True,Labrador_retriever,0.0477037,True
1427,772615324260794368,https://pbs.twimg.com/media/Cp6db4-XYAAMmqL.jpg,1,dalmatian,0.556595,True,whippet,0.151047,True,American_Staffordshire_terrier,0.0964355,True
1380,765222098633691136,https://pbs.twimg.com/media/Cp6db4-XYAAMmqL.jpg,1,dalmatian,0.556595,True,whippet,0.151047,True,American_Staffordshire_terrier,0.0964355,True
1377,763837565564780549,https://pbs.twimg.com/media/CpmyNumW8AAAJGj.jpg,1,malamute,0.375098,True,jean,0.0693617,False,keeshond,0.0505276,True
1541,791026214425268224,https://pbs.twimg.com/media/CpmyNumW8AAAJGj.jpg,1,malamute,0.375098,True,jean,0.0693617,False,keeshond,0.0505276,True
1405,769940425801170949,https://pbs.twimg.com/media/Cq9guJ5WgAADfpF.jpg,1,miniature_pinscher,0.796313,True,Chihuahua,0.15541300000000002,True,Staffordshire_bullterrier,0.0309433,True
1803,832040443403784192,https://pbs.twimg.com/media/Cq9guJ5WgAADfpF.jpg,1,miniature_pinscher,0.796313,True,Chihuahua,0.15541300000000002,True,Staffordshire_bullterrier,0.0309433,True
1420,771770456517009408,https://pbs.twimg.com/media/CrXhIqBW8AA6Bse.jpg,1,papillon,0.53318,True,collie,0.192031,True,Border_collie,0.121626,True
1588,798340744599797760,https://pbs.twimg.com/media/CrXhIqBW8AA6Bse.jpg,1,papillon,0.53318,True,collie,0.192031,True,Border_collie,0.121626,True
1712,818588835076603904,https://pbs.twimg.com/media/Crwxb5yWgAAX5P_.jpg,1,Norwegian_elkhound,0.372202,True,Chesapeake_Bay_retriever,0.13718699999999998,True,malamute,0.07143619999999999,True
1433,773547596996571136,https://pbs.twimg.com/media/Crwxb5yWgAAX5P_.jpg,1,Norwegian_elkhound,0.372202,True,Chesapeake_Bay_retriever,0.13718699999999998,True,malamute,0.07143619999999999,True
1441,775085132600442880,https://pbs.twimg.com/media/CsGnz64WYAEIDHJ.jpg,1,chow,0.316565,True,golden_retriever,0.241929,True,Pomeranian,0.157524,True
1601,799774291445383169,https://pbs.twimg.com/media/CsGnz64WYAEIDHJ.jpg,1,chow,0.316565,True,golden_retriever,0.241929,True,Pomeranian,0.157524,True
1448,776113305656188928,https://pbs.twimg.com/media/CsVO7ljW8AAckRD.jpg,1,mousetrap,0.777468,False,black_widow,0.0939402,False,paddlewheel,0.0174919,False
1605,800443802682937345,https://pbs.twimg.com/media/CsVO7ljW8AAckRD.jpg,1,mousetrap,0.777468,False,black_widow,0.0939402,False,paddlewheel,0.0174919,False
1469,779056095788752897,https://pbs.twimg.com/media/Cs_DYr1XEAA54Pu.jpg,1,Chihuahua,0.721188,True,toy_terrier,0.112943,True,kelpie,0.0533645,True
1615,802247111496568832,https://pbs.twimg.com/media/Cs_DYr1XEAA54Pu.jpg,1,Chihuahua,0.721188,True,toy_terrier,0.112943,True,kelpie,0.0533645,True
1457,777684233540206592,https://pbs.twimg.com/media/CsrjryzWgAAZY00.jpg,1,cocker_spaniel,0.253442,True,golden_retriever,0.16285,True,otterhound,0.110921,True
1619,802624713319034886,https://pbs.twimg.com/media/CsrjryzWgAAZY00.jpg,1,cocker_spaniel,0.253442,True,golden_retriever,0.16285,True,otterhound,0.110921,True
1492,782969140009107456,https://pbs.twimg.com/media/Ct2qO5PXEAE6eB0.jpg,1,seat_belt,0.474292,False,golden_retriever,0.17139300000000002,True,Labrador_retriever,0.110592,True
1640,807059379405148160,https://pbs.twimg.com/media/Ct2qO5PXEAE6eB0.jpg,1,seat_belt,0.474292,False,golden_retriever,0.17139300000000002,True,Labrador_retriever,0.110592,True
1636,806242860592926720,https://pbs.twimg.com/media/Ct72q9jWcAAhlnw.jpg,2,Cardigan,0.593858,True,Shetland_sheepdog,0.13061099999999998,True,Pembroke,0.100842,True
1494,783334639985389568,https://pbs.twimg.com/media/Ct72q9jWcAAhlnw.jpg,2,Cardigan,0.593858,True,Shetland_sheepdog,0.13061099999999998,True,Pembroke,0.100842,True
1472,779834332596887552,https://pbs.twimg.com/media/CtKHLuCWYAA2TTs.jpg,1,golden_retriever,0.99383,True,cocker_spaniel,0.00314271,True,Great_Pyrenees,0.000917414,True
1510,786036967502913536,https://pbs.twimg.com/media/CtKHLuCWYAA2TTs.jpg,1,golden_retriever,0.99383,True,cocker_spaniel,0.00314271,True,Great_Pyrenees,0.000917414,True
1736,821813639212650496,https://pbs.twimg.com/media/CtVAvX-WIAAcGTf.jpg,1,Saint_Bernard,0.995143,True,Cardigan,0.00304359,True,English_springer,0.00104955,True
1478,780601303617732608,https://pbs.twimg.com/media/CtVAvX-WIAAcGTf.jpg,1,Saint_Bernard,0.995143,True,Cardigan,0.00304359,True,English_springer,0.00104955,True
1634,805958939288408065,https://pbs.twimg.com/media/CtzKC7zXEAALfSo.jpg,1,Irish_setter,0.574557,True,golden_retriever,0.339251,True,seat_belt,0.0461082,False
1490,782722598790725632,https://pbs.twimg.com/media/CtzKC7zXEAALfSo.jpg,1,Irish_setter,0.574557,True,golden_retriever,0.339251,True,seat_belt,0.0461082,False
1503,784826020293709826,https://pbs.twimg.com/media/CuRDF-XWcAIZSer.jpg,1,chow,0.0903414,True,binoculars,0.08349880000000001,False,Irish_setter,0.0774556,True
1627,804413760345620481,https://pbs.twimg.com/media/CuRDF-XWcAIZSer.jpg,1,chow,0.0903414,True,binoculars,0.08349880000000001,False,Irish_setter,0.0774556,True
1569,794355576146903043,https://pbs.twimg.com/media/CvJCabcWgAIoUxW.jpg,1,cocker_spaniel,0.500509,True,golden_retriever,0.27273400000000003,True,jigsaw_puzzle,0.041475800000000014,False
1526,788765914992902144,https://pbs.twimg.com/media/CvJCabcWgAIoUxW.jpg,1,cocker_spaniel,0.500509,True,golden_retriever,0.27273400000000003,True,jigsaw_puzzle,0.041475800000000014,False
1571,794983741416415232,https://pbs.twimg.com/media/CvT6IV6WEAQhhV5.jpg,3,schipperke,0.363272,True,kelpie,0.197021,True,Norwegian_elkhound,0.151024,True
1530,789530877013393408,https://pbs.twimg.com/media/CvT6IV6WEAQhhV5.jpg,3,schipperke,0.363272,True,kelpie,0.197021,True,Norwegian_elkhound,0.151024,True
1538,790723298204217344,https://pbs.twimg.com/media/CvaYgDOWgAEfjls.jpg,1,tub,0.479477,False,bathtub,0.325106,False,golden_retriever,0.07853049999999999,True
1533,789986466051088384,https://pbs.twimg.com/media/CvaYgDOWgAEfjls.jpg,1,tub,0.479477,False,bathtub,0.325106,False,golden_retriever,0.07853049999999999,True
1683,813944609378369540,https://pbs.twimg.com/media/Cveg1-NXgAASaaT.jpg,1,Labrador_retriever,0.427742,True,Great_Dane,0.190503,True,curly-coated_retriever,0.146427,True
1534,790277117346975746,https://pbs.twimg.com/media/Cveg1-NXgAASaaT.jpg,1,Labrador_retriever,0.427742,True,Great_Dane,0.190503,True,curly-coated_retriever,0.146427,True
1539,790946055508652032,https://pbs.twimg.com/media/CvoBPWRWgAA4het.jpg,1,dishwasher,0.700466,False,golden_retriever,0.245773,True,chow,0.0390117,True
1699,816829038950027264,https://pbs.twimg.com/media/CvoBPWRWgAA4het.jpg,1,dishwasher,0.700466,False,golden_retriever,0.245773,True,chow,0.0390117,True
1544,791672322847637504,https://pbs.twimg.com/media/CvyVxQRWEAAdSZS.jpg,1,golden_retriever,0.705092,True,Labrador_retriever,0.219721,True,kuvasz,0.015965,True
1564,793614319594401792,https://pbs.twimg.com/media/CvyVxQRWEAAdSZS.jpg,1,golden_retriever,0.705092,True,Labrador_retriever,0.219721,True,kuvasz,0.015965,True
1804,832215726631055365,https://pbs.twimg.com/media/CwJR1okWIAA6XMp.jpg,1,Afghan_hound,0.274637,True,borzoi,0.142204,True,doormat,0.109677,False
1561,793286476301799424,https://pbs.twimg.com/media/CwJR1okWIAA6XMp.jpg,1,Afghan_hound,0.274637,True,borzoi,0.142204,True,doormat,0.109677,False
1566,793962221541933056,https://pbs.twimg.com/media/CwS4aqZXUAAe3IO.jpg,1,Labrador_retriever,0.8616510000000001,True,golden_retriever,0.0444618,True,Staffordshire_bullterrier,0.016496700000000003,True
1652,809808892968534016,https://pbs.twimg.com/media/CwS4aqZXUAAe3IO.jpg,1,Labrador_retriever,0.8616510000000001,True,golden_retriever,0.0444618,True,Staffordshire_bullterrier,0.016496700000000003,True
1572,795076730285391872,https://pbs.twimg.com/media/CwiuEJmW8AAZnit.jpg,2,gas_pump,0.676439,False,harvester,0.049995300000000006,False,swing,0.0446596,False
1755,824796380199809024,https://pbs.twimg.com/media/CwiuEJmW8AAZnit.jpg,2,gas_pump,0.676439,False,harvester,0.049995300000000006,False,swing,0.0446596,False
1579,796177847564038144,https://pbs.twimg.com/media/Cwx99rpW8AMk_Ie.jpg,1,golden_retriever,0.600276,True,Labrador_retriever,0.140798,True,seat_belt,0.0873548,False
1578,796149749086875649,https://pbs.twimg.com/media/Cwx99rpW8AMk_Ie.jpg,1,golden_retriever,0.600276,True,Labrador_retriever,0.140798,True,seat_belt,0.0873548,False
1610,801167903437357056,https://pbs.twimg.com/media/Cx5R8wPVEAALa9r.jpg,1,cocker_spaniel,0.74022,True,Dandie_Dinmont,0.061604499999999986,True,English_setter,0.0413314,True
1645,808134635716833280,https://pbs.twimg.com/media/Cx5R8wPVEAALa9r.jpg,1,cocker_spaniel,0.74022,True,Dandie_Dinmont,0.061604499999999986,True,English_setter,0.0413314,True
1603,800141422401830912,https://pbs.twimg.com/media/CxqsX-8XUAAEvjD.jpg,3,golden_retriever,0.938048,True,kuvasz,0.0251195,True,Labrador_retriever,0.0229773,True
1727,820446719150292993,https://pbs.twimg.com/media/CxqsX-8XUAAEvjD.jpg,3,golden_retriever,0.938048,True,kuvasz,0.0251195,True,Labrador_retriever,0.0229773,True
1944,861769973181624320,https://pbs.twimg.com/media/CzG425nWgAAnP7P.jpg,2,Arabian_camel,0.366248,False,house_finch,0.209852,False,cocker_spaniel,0.0464032,True
1638,806629075125202948,https://pbs.twimg.com/media/CzG425nWgAAnP7P.jpg,2,Arabian_camel,0.366248,False,house_finch,0.209852,False,cocker_spaniel,0.0464032,True
1970,868880397819494401,https://pbs.twimg.com/media/DA7iHL5U0AA1OQo.jpg,1,laptop,0.153718,False,French_bulldog,0.0999839,True,printer,0.0771299,False
1992,873697596434513921,https://pbs.twimg.com/media/DA7iHL5U0AA1OQo.jpg,1,laptop,0.153718,False,French_bulldog,0.0999839,True,printer,0.0771299,False
2051,887473957103951883,https://pbs.twimg.com/media/DFDw2tyUQAAAFke.jpg,2,Pembroke,0.809197,True,Rhodesian_ridgeback,0.05495,True,beagle,0.0389148,True
2055,888202515573088257,https://pbs.twimg.com/media/DFDw2tyUQAAAFke.jpg,2,Pembroke,0.809197,True,Rhodesian_ridgeback,0.05495,True,beagle,0.0389148,True
1033,711694788429553666,https://pbs.twimg.com/tweet_video_thumb/CeBym7oXEAEWbEg.jpg,1,brown_bear,0.7132930000000001,False,Indian_elephant,0.172844,False,water_buffalo,0.0389022,False
1364,761371037149827077,https://pbs.twimg.com/tweet_video_thumb/CeBym7oXEAEWbEg.jpg,1,brown_bear,0.7132930000000001,False,Indian_elephant,0.172844,False,water_buffalo,0.0389022,False
