,tweet_id,in_reply_to_status_id,in_reply_to_user_id,timestamp,source,text,retweeted_status_id,retweeted_status_user_id,retweeted_status_timestamp,expanded_urls,rating_numerator,rating_denominator,name,doggo,floofer,pupper,puppo
349,831650051525054464,,,2017-02-14 23:43:18 +0000,"<a href=""http://twitter.com/download/iphone"" rel=""nofollow"">Twitter for iPhone</a>","I usually only share these on Friday's, but this is Blue. He's a very smoochable pooch who needs your help. 13/10

https://t.co/piiX0ke8Z6 https://t.co/1UHrKcaCiO",,,,"http://www.gofundme.com/bluethewhitehusky,https://twitter.com/dog_rates/status/831650051525054464/photo/1,https://twitter.com/dog_rates/status/831650051525054464/photo/1,https://twitter.com/dog_rates/status/831650051525054464/photo/1,https://twitter.com/dog_rates/status/831650051525054464/photo/1",13,10,None,None,None,None,None
204,852936405516943360,,,2017-04-14 17:27:40 +0000,"<a href=""http://twitter.com/download/iphone"" rel=""nofollow"">Twitter for iPhone</a>","RT @dog_rates: I usually only share these on Friday's, but this is Blue. He's a very smoochable pooch who needs your help. 13/10

https://t…",8.316500515250545e+17,4196983835.0,2017-02-14 23:43:18 +0000,"http://www.gofundme.com/bluethewhitehusky,https://twitter.com/dog_rates/status/831650051525054464/photo/1,https://twitter.com/dog_rates/status/831650051525054464/photo/1,https://twitter.com/dog_rates/status/831650051525054464/photo/1,https://twitter.com/dog_rates/status/831650051525054464/photo/1",13,10,None,None,None,None,None
2338,666104133288665088,,,2015-11-16 04:02:55 +0000,"<a href=""http://twitter.com/download/iphone"" rel=""nofollow"">Twitter for iPhone</a>",Not familiar with this breed. No tail (weird). Only 2 legs. Doesn't bark. Surprisingly quick. Shits eggs. 1/10 https://t.co/Asgdc6kuLX,,,,https://twitter.com/dog_rates/status/666104133288665088/photo/1,1,10,None,None,None,None,None
605,798576900688019456,,,2016-11-15 17:22:24 +0000,"<a href=""http://twitter.com/download/iphone"" rel=""nofollow"">Twitter for iPhone</a>",RT @dog_rates: Not familiar with this breed. No tail (weird). Only 2 legs. Doesn't bark. Surprisingly quick. Shits eggs. 1/10 https://t.co/…,6.661041332886651e+17,4196983835.0,2015-11-16 04:02:55 +0000,https://twitter.com/dog_rates/status/666104133288665088/photo/1,1,10,None,None,None,None,None
2294,667138269671505920,,,2015-11-19 00:32:12 +0000,"<a href=""http://twitter.com/download/iphone"" rel=""nofollow"">Twitter for iPhone</a>",Extremely intelligent dog here. Has learned to walk like human. Even has his own dog. Very impressive 10/10 https://t.co/0DvHAMdA4V,,,,https://twitter.com/dog_rates/status/667138269671505920/photo/1,10,10,None,None,None,None,None
1043,743835915802583040,,,2016-06-17 16:01:16 +0000,"<a href=""http://twitter.com/download/iphone"" rel=""nofollow"">Twitter for iPhone</a>",RT @dog_rates: Extremely intelligent dog here. Has learned to walk like human. Even has his own dog. Very impressive 10/10 https://t.co/0Dv…,6.671382696715059e+17,4196983835.0,2015-11-19 00:32:12 +0000,https://twitter.com/dog_rates/status/667138269671505920/photo/1,10,10,None,None,None,None,None
273,840728873075638272,,,2017-03-12 00:59:17 +0000,"<a href=""http://twitter.com/download/iphone"" rel=""nofollow"">Twitter for iPhone</a>",RT @dog_rates: This is Pipsy. He is a fluffball. Enjoys traveling the sea &amp; getting tangled in leash. 12/10 I would kill for Pipsy https://…,6.671521640794235e+17,4196983835.0,2015-11-19 01:27:25 +0000,https://twitter.com/dog_rates/status/667152164079423490/photo/1,12,10,Pipsy,None,None,None,None
2293,667152164079423490,,,2015-11-19 01:27:25 +0000,"<a href=""http://twitter.com/download/iphone"" rel=""nofollow"">Twitter for iPhone</a>",This is Pipsy. He is a fluffball. Enjoys traveling the sea &amp; getting tangled in leash. 12/10 I would kill for Pipsy https://t.co/h9R0EwKd9X,,,,https://twitter.com/dog_rates/status/667152164079423490/photo/1,12,10,Pipsy,None,None,None,None
2286,667182792070062081,,,2015-11-19 03:29:07 +0000,"<a href=""http://twitter.com/download/iphone"" rel=""nofollow"">Twitter for iPhone</a>",This is Timison. He just told an awful joke but is still hanging on to the hope that you'll laugh with him. 10/10 https://t.co/s2yYuHabWl,,,,https://twitter.com/dog_rates/status/667182792070062081/photo/1,10,10,Timison,None,None,None,None
604,798585098161549313,,,2016-11-15 17:54:59 +0000,"<a href=""http://twitter.com/download/iphone"" rel=""nofollow"">Twitter for iPhone</a>",RT @dog_rates: This is Timison. He just told an awful joke but is still hanging on to the hope that you'll laugh with him. 10/10 https://t.…,6.671827920700621e+17,4196983835.0,2015-11-19 03:29:07 +0000,https://twitter.com/dog_rates/status/667182792070062081/photo/1,10,10,Timison,None,None,None,None
1023,746521445350707200,,,2016-06-25 01:52:36 +0000,"<a href=""http://twitter.com/download/iphone"" rel=""nofollow"">Twitter for iPhone</a>",RT @dog_rates: This is Shaggy. He knows exactly how to solve the puzzle but can't talk. All he wants to do is help. 10/10 great guy https:/…,6.678667242938778e+17,4196983835.0,2015-11-21 00:46:50 +0000,https://twitter.com/dog_rates/status/667866724293877760/photo/1,10,10,Shaggy,None,None,None,None
2248,667866724293877760,,,2015-11-21 00:46:50 +0000,"<a href=""http://twitter.com/download/iphone"" rel=""nofollow"">Twitter for iPhone</a>",This is Shaggy. He knows exactly how to solve the puzzle but can't talk. All he wants to do is help. 10/10 great guy https://t.co/SBmWbfAg6X,,,,https://twitter.com/dog_rates/status/667866724293877760/photo/1,10,10,Shaggy,None,None,None,None
2180,669000397445533696,,,2015-11-24 03:51:38 +0000,"<a href=""http://twitter.com/download/iphone"" rel=""nofollow"">Twitter for iPhone</a>",Meet Terrance. He's being yelled at because he stapled the wrong stuff together. 11/10 hang in there Terrance https://t.co/ixcuUYCbdD,,,,https://twitter.com/dog_rates/status/669000397445533696/photo/1,11,10,Terrance,None,None,None,None
74,878316110768087041,,,2017-06-23 18:17:33 +0000,"<a href=""http://twitter.com/download/iphone"" rel=""nofollow"">Twitter for iPhone</a>",RT @dog_rates: Meet Terrance. He's being yelled at because he stapled the wrong stuff together. 11/10 hang in there Terrance https://t.co/i…,6.690003974455337e+17,4196983835.0,2015-11-24 03:51:38 +0000,https://twitter.com/dog_rates/status/669000397445533696/photo/1,11,10,Terrance,None,None,None,None
1970,673295268553605120,,,2015-12-06 00:17:55 +0000,"<a href=""http://twitter.com/download/iphone"" rel=""nofollow"">Twitter for iPhone</a>",Meet Eve. She's a raging alcoholic 8/10 (would b 11/10 but pupper alcoholism is a tragic issue that I can't condone) https://t.co/U36HYQIijg,,,,https://twitter.com/dog_rates/status/673295268553605120/photo/1,8,10,Eve,None,None,pupper,None
860,763167063695355904,,,2016-08-10 00:16:21 +0000,"<a href=""http://twitter.com/download/iphone"" rel=""nofollow"">Twitter for iPhone</a>",RT @dog_rates: Meet Eve. She's a raging alcoholic 8/10 (would b 11/10 but pupper alcoholism is a tragic issue that I can't condone) https:/…,6.732952685536051e+17,4196983835.0,2015-12-06 00:17:55 +0000,https://twitter.com/dog_rates/status/673295268553605120/photo/1,8,10,Eve,None,None,pupper,None
1806,676936541936185344,,,2015-12-16 01:27:03 +0000,"<a href=""http://twitter.com/download/iphone"" rel=""nofollow"">Twitter for iPhone</a>",Here we see a rare pouched pupper. Ample storage space. Looks alert. Jumps at random. Kicked open that door. 8/10 https://t.co/mqvaxleHRz,,,,https://twitter.com/dog_rates/status/676936541936185344/photo/1,8,10,None,None,None,pupper,None
599,798682547630837760,,,2016-11-16 00:22:12 +0000,"<a href=""http://twitter.com/download/iphone"" rel=""nofollow"">Twitter for iPhone</a>",RT @dog_rates: Here we see a rare pouched pupper. Ample storage space. Looks alert. Jumps at random. Kicked open that door. 8/10 https://t.…,6.769365419361853e+17,4196983835.0,2015-12-16 01:27:03 +0000,https://twitter.com/dog_rates/status/676936541936185344/photo/1,8,10,None,None,None,pupper,None
749,779124354206535695,,,2016-09-23 01:04:56 +0000,"<a href=""http://twitter.com/download/iphone"" rel=""nofollow"">Twitter for iPhone</a>",RT @dog_rates: Meet Hurley. He's the curly one. He hugs every other dog he sees during his walk. 11/10 for spreading the love https://t.co/…,6.794628231356867e+17,4196983835.0,2015-12-23 00:45:35 +0000,https://twitter.com/dog_rates/status/679462823135686656/photo/1,11,10,Hurley,None,None,None,None
1742,679462823135686656,,,2015-12-23 00:45:35 +0000,"<a href=""http://twitter.com/download/iphone"" rel=""nofollow"">Twitter for iPhone</a>",Meet Hurley. He's the curly one. He hugs every other dog he sees during his walk. 11/10 for spreading the love https://t.co/M6vqkt2GKV,,,,https://twitter.com/dog_rates/status/679462823135686656/photo/1,11,10,Hurley,None,None,None,None
1726,680055455951884288,,,2015-12-24 16:00:30 +0000,"<a href=""https://about.twitter.com/products/tweetdeck"" rel=""nofollow"">TweetDeck</a>","Meet Sammy. At first I was like ""that's a snowflake. we only rate dogs,"" but he would've melted by now, so 10/10 https://t.co/MQfPK4zwuh",,,,https://twitter.com/dog_rates/status/680055455951884288/photo/1,10,10,Sammy,None,None,None,None
506,812747805718642688,,,2016-12-24 19:52:31 +0000,"<a href=""http://twitter.com/download/iphone"" rel=""nofollow"">Twitter for iPhone</a>","RT @dog_rates: Meet Sammy. At first I was like ""that's a snowflake. we only rate dogs,"" but he would've melted by now, so 10/10 https://t.c…",6.800554559518843e+17,4196983835.0,2015-12-24 16:00:30 +0000,https://twitter.com/dog_rates/status/680055455951884288/photo/1,10,10,Sammy,None,None,None,None
937,753298634498793472,,,2016-07-13 18:42:44 +0000,"<a href=""http://twitter.com/download/iphone"" rel=""nofollow"">Twitter for iPhone</a>",RT @dog_rates: This is Carly. She's actually 2 dogs fused together. Very innovative. Probably has superpowers. 12/10 for double dog https:/…,6.815231776636764e+17,4196983835.0,2015-12-28 17:12:42 +0000,https://twitter.com/dog_rates/status/681523177663676416/photo/1,12,10,Carly,None,None,None,None
1688,681523177663676416,,,2015-12-28 17:12:42 +0000,"<a href=""http://twitter.com/download/iphone"" rel=""nofollow"">Twitter for iPhone</a>",This is Carly. She's actually 2 dogs fused together. Very innovative. Probably has superpowers. 12/10 for double dog https://t.co/GQn2IopLud,,,,https://twitter.com/dog_rates/status/681523177663676416/photo/1,12,10,Carly,None,None,None,None
583,800188575492947969,,,2016-11-20 04:06:37 +0000,"<a href=""http://twitter.com/download/iphone"" rel=""nofollow"">Twitter for iPhone</a>",RT @dog_rates: This is Bo. He's a Benedoop Cumbersnatch. Seems frustrated with own feet. Portable as hell. 11/10 very solid pupper https://…,6.816940855398728e+17,4196983835.0,2015-12-29 04:31:49 +0000,https://twitter.com/dog_rates/status/681694085539872773/photo/1,11,10,Bo,None,None,pupper,None
1683,681694085539872773,,,2015-12-29 04:31:49 +0000,"<a href=""http://twitter.com/download/iphone"" rel=""nofollow"">Twitter for iPhone</a>",This is Bo. He's a Benedoop Cumbersnatch. Seems frustrated with own feet. Portable as hell. 11/10 very solid pupper https://t.co/TONMhRoQh7,,,,https://twitter.com/dog_rates/status/681694085539872773/photo/1,11,10,Bo,None,None,pupper,None
598,798686750113755136,,,2016-11-16 00:38:54 +0000,"<a href=""http://twitter.com/download/iphone"" rel=""nofollow"">Twitter for iPhone</a>","RT @dog_rates: Say hello to Jack (pronounced ""Kevin""). He's a Virgo Episcopalian. Can summon rainbows. 11/10 magical as hell https://t.co/Y…",6.833918525575619e+17,4196983835.0,2016-01-02 20:58:09 +0000,https://twitter.com/dog_rates/status/683391852557561860/photo/1,11,10,Jack,None,None,None,None
1655,683391852557561860,,,2016-01-02 20:58:09 +0000,"<a href=""http://twitter.com/download/iphone"" rel=""nofollow"">Twitter for iPhone</a>","Say hello to Jack (pronounced ""Kevin""). He's a Virgo Episcopalian. Can summon rainbows. 11/10 magical as hell https://t.co/YHXrdUTHd6",,,,https://twitter.com/dog_rates/status/683391852557561860/photo/1,11,10,Jack,None,None,None,None
612,796904159865868288,,,2016-11-11 02:35:32 +0000,"<a href=""http://twitter.com/download/iphone"" rel=""nofollow"">Twitter for iPhone</a>",RT @dog_rates: This is Tyrone. He's a leaf wizard. Self-motivated. No eyes (tragic). Inspirational af. 11/10 enthusiasm is tangible https:/…,6.8731730631424e+17,4196983835.0,2016-01-13 16:56:30 +0000,"https://twitter.com/dog_rates/status/687317306314240000/photo/1,https://twitter.com/dog_rates/status/687317306314240000/photo/1",11,10,Tyrone,None,None,None,None
1578,687317306314240000,,,2016-01-13 16:56:30 +0000,"<a href=""http://twitter.com/download/iphone"" rel=""nofollow"">Twitter for iPhone</a>",This is Tyrone. He's a leaf wizard. Self-motivated. No eyes (tragic). Inspirational af. 11/10 enthusiasm is tangible https://t.co/pRp1Npucbz,,,,"https://twitter.com/dog_rates/status/687317306314240000/photo/1,https://twitter.com/dog_rates/status/687317306314240000/photo/1",11,10,Tyrone,None,None,None,None
1498,692417313023332352,,,2016-01-27 18:42:06 +0000,"<a href=""http://twitter.com/download/iphone"" rel=""nofollow"">Twitter for iPhone</a>",Meet Herschel. He's slightly bigger than ur average pupper. Looks lonely. Could probably ride 7/10 would totally pet https://t.co/VGaIMktX10,,,,https://twitter.com/dog_rates/status/692417313023332352/photo/1,7,10,Herschel,None,None,pupper,None
462,817502432452313088,,,2017-01-06 22:45:43 +0000,"<a href=""http://twitter.com/download/iphone"" rel=""nofollow"">Twitter for iPhone</a>",RT @dog_rates: Meet Herschel. He's slightly bigger than ur average pupper. Looks lonely. Could probably ride 7/10 would totally pet https:/…,6.924173130233324e+17,4196983835.0,2016-01-27 18:42:06 +0000,https://twitter.com/dog_rates/status/692417313023332352/photo/1,7,10,Herschel,None,None,pupper,None
1463,694669722378485760,,,2016-02-02 23:52:22 +0000,"<a href=""http://twitter.com/download/iphone"" rel=""nofollow"">Twitter for iPhone</a>",This is Phil. He's an important dog. Can control the seasons. Magical as hell. 12/10 would let him sign my forehead https://t.co/9mb0P2rjk2,,,,"https://twitter.com/dog_rates/status/694669722378485760/photo/1,https://twitter.com/dog_rates/status/694669722378485760/photo/1",12,10,Phil,None,None,None,None
382,827228250799742977,,,2017-02-02 18:52:38 +0000,"<a href=""http://twitter.com/download/iphone"" rel=""nofollow"">Twitter for iPhone</a>",RT @dog_rates: This is Phil. He's an important dog. Can control the seasons. Magical as hell. 12/10 would let him sign my forehead https://…,6.946697223784858e+17,4196983835.0,2016-02-02 23:52:22 +0000,"https://twitter.com/dog_rates/status/694669722378485760/photo/1,https://twitter.com/dog_rates/status/694669722378485760/photo/1",12,10,Phil,None,None,None,None
485,814578408554463233,,,2016-12-29 21:06:41 +0000,"<a href=""http://twitter.com/download/iphone"" rel=""nofollow"">Twitter for iPhone</a>",RT @dog_rates: Meet Beau &amp; Wilbur. Wilbur stole Beau's bed from him. Wilbur now has so much room for activities. 9/10 for both pups https:/…,6.981954092195594e+17,4196983835.0,2016-02-12 17:22:12 +0000,https://twitter.com/dog_rates/status/698195409219559425/photo/1,9,10,Beau,None,None,None,None
1421,698195409219559425,,,2016-02-12 17:22:12 +0000,"<a href=""http://twitter.com/download/iphone"" rel=""nofollow"">Twitter for iPhone</a>",Meet Beau &amp; Wilbur. Wilbur stole Beau's bed from him. Wilbur now has so much room for activities. 9/10 for both pups https://t.co/GPaoH5qWEk,,,,https://twitter.com/dog_rates/status/698195409219559425/photo/1,9,10,Beau,None,None,None,None
829,768909767477751808,,,2016-08-25 20:35:48 +0000,"<a href=""http://twitter.com/download/iphone"" rel=""nofollow"">Twitter for iPhone</a>",RT @dog_rates: When it's Janet from accounting's birthday but you can't eat the cake cuz it's chocolate. 10/10 hang in there pupper https:/…,7.001437520531825e+17,4196983835.0,2016-02-18 02:24:13 +0000,https://twitter.com/dog_rates/status/700143752053182464/photo/1,10,10,None,None,None,pupper,None
1391,700143752053182464,,,2016-02-18 02:24:13 +0000,"<a href=""http://twitter.com/download/iphone"" rel=""nofollow"">Twitter for iPhone</a>",When it's Janet from accounting's birthday but you can't eat the cake cuz it's chocolate. 10/10 hang in there pupper https://t.co/Fbdr5orUrJ,,,,https://twitter.com/dog_rates/status/700143752053182464/photo/1,10,10,None,None,None,pupper,None
1385,700747788515020802,,,2016-02-19 18:24:26 +0000,"<a href=""http://twitter.com/download/iphone"" rel=""nofollow"">Twitter for iPhone</a>",We only rate dogs. Pls stop sending in non-canines like this Mongolian grass snake. This is very frustrating. 11/10 https://t.co/22x9SbCYCU,,,,https://twitter.com/dog_rates/status/700747788515020802/photo/1,11,10,very,None,None,None,None
773,776249906839351296,,,2016-09-15 02:42:54 +0000,"<a href=""http://twitter.com/download/iphone"" rel=""nofollow"">Twitter for iPhone</a>",RT @dog_rates: We only rate dogs. Pls stop sending in non-canines like this Mongolian grass snake. This is very frustrating. 11/10 https://…,7.007477885150208e+17,4196983835.0,2016-02-19 18:24:26 +0000,https://twitter.com/dog_rates/status/700747788515020802/photo/1,11,10,very,None,None,None,None
1012,747242308580548608,,,2016-06-27 01:37:04 +0000,"<a href=""http://twitter.com/download/iphone"" rel=""nofollow"">Twitter for iPhone</a>",RT @dog_rates: This pupper killed this great white in an epic sea battle. Now wears it as a trophy. Such brave. Much fierce. 13/10 https://…,7.047611207714652e+17,4196983835.0,2016-03-01 20:11:59 +0000,"https://twitter.com/dog_rates/status/704761120771465216/photo/1,https://twitter.com/dog_rates/status/704761120771465216/photo/1",13,10,None,None,None,pupper,None
1343,704761120771465216,,,2016-03-01 20:11:59 +0000,"<a href=""http://twitter.com/download/iphone"" rel=""nofollow"">Twitter for iPhone</a>",This pupper killed this great white in an epic sea battle. Now wears it as a trophy. Such brave. Much fierce. 13/10 https://t.co/Lu0ECu5tO5,,,,"https://twitter.com/dog_rates/status/704761120771465216/photo/1,https://twitter.com/dog_rates/status/704761120771465216/photo/1",13,10,None,None,None,pupper,None
595,798701998996647937,,,2016-11-16 01:39:30 +0000,"<a href=""http://twitter.com/download/iphone"" rel=""nofollow"">Twitter for iPhone</a>",RT @dog_rates: We normally don't rate marshmallows but this one appears to be flawlessly toasted so I'll make an exception. 10/10 https://t…,7.18631497683583e+17,4196983835.0,2016-04-09 02:47:55 +0000,https://twitter.com/dog_rates/status/718631497683582976/photo/1,10,10,None,None,None,None,None
1184,718631497683582976,,,2016-04-09 02:47:55 +0000,"<a href=""http://twitter.com/download/iphone"" rel=""nofollow"">Twitter for iPhone</a>",We normally don't rate marshmallows but this one appears to be flawlessly toasted so I'll make an exception. 10/10 https://t.co/D9jbbmPmos,,,,https://twitter.com/dog_rates/status/718631497683582976/photo/1,10,10,None,None,None,None,None
1079,739238157791694849,,,2016-06-04 23:31:25 +0000,"<a href=""http://twitter.com/download/iphone"" rel=""nofollow"">Twitter for iPhone</a>",Here's a doggo blowing bubbles. It's downright legendary. 13/10 would watch on repeat forever (vid by Kent Duryee) https://t.co/YcXgHfp1EC,,,,https://twitter.com/dog_rates/status/739238157791694849/video/1,13,10,None,doggo,None,None,None
818,770743923962707968,,,2016-08-30 22:04:05 +0000,"<a href=""http://twitter.com/download/iphone"" rel=""nofollow"">Twitter for iPhone</a>",RT @dog_rates: Here's a doggo blowing bubbles. It's downright legendary. 13/10 would watch on repeat forever (vid by Kent Duryee) https://t…,7.392381577916948e+17,4196983835.0,2016-06-04 23:31:25 +0000,https://twitter.com/dog_rates/status/739238157791694849/video/1,13,10,None,doggo,None,None,None
1072,739979191639244800,,,2016-06-07 00:36:02 +0000,"<a href=""http://twitter.com/download/iphone"" rel=""nofollow"">Twitter for iPhone</a>",This is Nollie. She's waving at you. If you don't wave back you're a monster. She's also portable as hell. 12/10 https://t.co/7AKdkCOlMf,,,,https://twitter.com/dog_rates/status/739979191639244800/photo/1,12,10,Nollie,None,None,None,None
833,768554158521745409,,,2016-08-24 21:02:45 +0000,"<a href=""http://twitter.com/download/iphone"" rel=""nofollow"">Twitter for iPhone</a>",RT @dog_rates: This is Nollie. She's waving at you. If you don't wave back you're a monster. She's also portable as hell. 12/10 https://t.c…,7.399791916392448e+17,4196983835.0,2016-06-07 00:36:02 +0000,https://twitter.com/dog_rates/status/739979191639244800/photo/1,12,10,Nollie,None,None,None,None
784,775096608509886464,,,2016-09-11 22:20:06 +0000,"<a href=""http://twitter.com/download/iphone"" rel=""nofollow"">Twitter for iPhone</a>","RT @dog_rates: After so many requests, this is Bretagne. She was the last surviving 9/11 search dog, and our second ever 14/10. RIP https:/…",7.40373189193257e+17,4196983835.0,2016-06-08 02:41:38 +0000,"https://twitter.com/dog_rates/status/740373189193256964/photo/1,https://twitter.com/dog_rates/status/740373189193256964/photo/1,https://twitter.com/dog_rates/status/740373189193256964/photo/1,https://twitter.com/dog_rates/status/740373189193256964/photo/1",9,11,None,None,None,None,None
1068,740373189193256964,,,2016-06-08 02:41:38 +0000,"<a href=""http://twitter.com/download/iphone"" rel=""nofollow"">Twitter for iPhone</a>","After so many requests, this is Bretagne. She was the last surviving 9/11 search dog, and our second ever 14/10. RIP https://t.co/XAVDNDaVgQ",,,,"https://twitter.com/dog_rates/status/740373189193256964/photo/1,https://twitter.com/dog_rates/status/740373189193256964/photo/1,https://twitter.com/dog_rates/status/740373189193256964/photo/1,https://twitter.com/dog_rates/status/740373189193256964/photo/1",9,11,None,None,None,None,None
594,798705661114773508,,,2016-11-16 01:54:03 +0000,"<a href=""http://twitter.com/download/iphone"" rel=""nofollow"">Twitter for iPhone</a>","RT @dog_rates: Meet Baloo. He's expecting a fast ground ball, hence the wide stance. Prepared af. 11/10 nothing runs like a pupper https://…",7.406769760217989e+17,4196983835.0,2016-06-08 22:48:46 +0000,https://twitter.com/dog_rates/status/740676976021798912/photo/1,11,10,Baloo,None,None,pupper,None
1067,740676976021798912,,,2016-06-08 22:48:46 +0000,"<a href=""http://twitter.com/download/iphone"" rel=""nofollow"">Twitter for iPhone</a>","Meet Baloo. He's expecting a fast ground ball, hence the wide stance. Prepared af. 11/10 nothing runs like a pupper https://t.co/sMbMw5Z2XC",,,,https://twitter.com/dog_rates/status/740676976021798912/photo/1,11,10,Baloo,None,None,pupper,None
963,750719632563142656,,,2016-07-06 15:54:42 +0000,"<a href=""http://twitter.com/download/iphone"" rel=""nofollow"">Twitter for iPhone</a>",This is Meyer. He has to hold somebody's hand during car rides. He's also wearing a seatbelt. 12/10 responsible af https://t.co/WS6BoApYyL,,,,https://twitter.com/dog_rates/status/750719632563142656/photo/1,12,10,Meyer,None,None,None,None
677,789280767834746880,,,2016-10-21 01:42:53 +0000,"<a href=""http://twitter.com/download/iphone"" rel=""nofollow"">Twitter for iPhone</a>",RT @dog_rates: This is Meyer. He has to hold somebody's hand during car rides. He's also wearing a seatbelt. 12/10 responsible af https://t…,7.507196325631427e+17,4196983835.0,2016-07-06 15:54:42 +0000,https://twitter.com/dog_rates/status/750719632563142656/photo/1,12,10,Meyer,None,None,None,None
936,753375668877008896,,,2016-07-13 23:48:51 +0000,"<a href=""http://twitter.com/download/iphone"" rel=""nofollow"">Twitter for iPhone</a>",This is Hank. He's mischievous af. Doesn't even know what he was trying to do here. 8/10 quit the shit Hank damn https://t.co/3r7wjfsXHc,,,,https://twitter.com/dog_rates/status/753375668877008896/photo/1,8,10,Hank,None,None,None,None
745,780092040432480260,,,2016-09-25 17:10:10 +0000,"<a href=""http://twitter.com/download/iphone"" rel=""nofollow"">Twitter for iPhone</a>",RT @dog_rates: This is Hank. He's mischievous af. Doesn't even know what he was trying to do here. 8/10 quit the shit Hank damn https://t.c…,7.533756688770089e+17,4196983835.0,2016-07-13 23:48:51 +0000,https://twitter.com/dog_rates/status/753375668877008896/photo/1,8,10,Hank,None,None,None,None
921,756288534030475264,,,2016-07-22 00:43:32 +0000,"<a href=""http://twitter.com/download/iphone"" rel=""nofollow"">Twitter for iPhone</a>",Here's a heartwarming scene of a single father raising his two pups. Downright awe-inspiring af. 12/10 for everyone https://t.co/hfddJ0OiNR,,,,"https://twitter.com/dog_rates/status/756288534030475264/photo/1,https://twitter.com/dog_rates/status/756288534030475264/photo/1,https://twitter.com/dog_rates/status/756288534030475264/photo/1,https://twitter.com/dog_rates/status/756288534030475264/photo/1",12,10,None,None,None,None,None
247,845459076796616705,,,2017-03-25 02:15:26 +0000,"<a href=""http://twitter.com/download/iphone"" rel=""nofollow"">Twitter for iPhone</a>",RT @dog_rates: Here's a heartwarming scene of a single father raising his two pups. Downright awe-inspiring af. 12/10 for everyone https://…,7.562885340304753e+17,4196983835.0,2016-07-22 00:43:32 +0000,"https://twitter.com/dog_rates/status/756288534030475264/photo/1,https://twitter.com/dog_rates/status/756288534030475264/photo/1,https://twitter.com/dog_rates/status/756288534030475264/photo/1,https://twitter.com/dog_rates/status/756288534030475264/photo/1",12,10,None,None,None,None,None
694,786729988674449408,,,2016-10-14 00:47:00 +0000,"<a href=""http://twitter.com/download/iphone"" rel=""nofollow"">Twitter for iPhone</a>",RT @dog_rates: This is Oakley. He has no idea what happened here. Even offered to help clean it up. 11/10 such a heckin good boy https://t.…,7.594476815971082e+17,4196983835.0,2016-07-30 17:56:51 +0000,https://twitter.com/dog_rates/status/759447681597108224/photo/1,11,10,Oakley,None,None,None,None
892,759447681597108224,,,2016-07-30 17:56:51 +0000,"<a href=""http://twitter.com/download/iphone"" rel=""nofollow"">Twitter for iPhone</a>",This is Oakley. He has no idea what happened here. Even offered to help clean it up. 11/10 such a heckin good boy https://t.co/vT3JM8b989,,,,https://twitter.com/dog_rates/status/759447681597108224/photo/1,11,10,Oakley,None,None,None,None
841,766864461642756096,,,2016-08-20 05:08:29 +0000,"<a href=""http://twitter.com/download/iphone"" rel=""nofollow"">Twitter for iPhone</a>",RT @dog_rates: We only rate dogs... this is a Taiwanese Guide Walrus. Im getting real heckin tired of this. Please send dogs. 10/10 https:/…,7.599237987370516e+17,4196983835.0,2016-08-01 01:28:46 +0000,https://twitter.com/dog_rates/status/759923798737051648/photo/1,10,10,None,None,None,None,None
887,759923798737051648,,,2016-08-01 01:28:46 +0000,"<a href=""http://twitter.com/download/iphone"" rel=""nofollow"">Twitter for iPhone</a>",We only rate dogs... this is a Taiwanese Guide Walrus. Im getting real heckin tired of this. Please send dogs. 10/10 https://t.co/49hkNAsubi,,,,https://twitter.com/dog_rates/status/759923798737051648/photo/1,10,10,None,None,None,None,None
165,860177593139703809,,,2017-05-04 17:01:34 +0000,"<a href=""http://twitter.com/download/iphone"" rel=""nofollow"">Twitter for iPhone</a>",RT @dog_rates: Ohboyohboyohboyohboyohboyohboyohboyohboyohboyohboyohboyohboyohboyohboyohboy. 10/10 for all (by happytailsresort) https://t.c…,7.616729943768064e+17,4196983835.0,2016-08-05 21:19:27 +0000,https://twitter.com/dog_rates/status/761672994376806400/video/1,10,10,None,None,None,None,None
870,761672994376806400,,,2016-08-05 21:19:27 +0000,"<a href=""http://twitter.com/download/iphone"" rel=""nofollow"">Twitter for iPhone</a>",Ohboyohboyohboyohboyohboyohboyohboyohboyohboyohboyohboyohboyohboyohboyohboy. 10/10 for all (by happytailsresort) https://t.co/EY8kEFuzK7,,,,https://twitter.com/dog_rates/status/761672994376806400/video/1,10,10,None,None,None,None,None
671,789960241177853952,,,2016-10-22 22:42:52 +0000,"<a href=""http://twitter.com/download/iphone"" rel=""nofollow"">Twitter for iPhone</a>",RT @dog_rates: This is Buddy. His father was a bear and his mother was a perfectly toasted marshmallow. 12/10 would snug so well https://t.…,7.624645393884856e+17,4196983835.0,2016-08-08 01:44:46 +0000,"https://twitter.com/dog_rates/status/762464539388485633/photo/1,https://twitter.com/dog_rates/status/762464539388485633/photo/1,https://twitter.com/dog_rates/status/762464539388485633/photo/1,https://twitter.com/dog_rates/status/762464539388485633/photo/1",12,10,Buddy,None,None,None,None
864,762464539388485633,,,2016-08-08 01:44:46 +0000,"<a href=""http://twitter.com/download/iphone"" rel=""nofollow"">Twitter for iPhone</a>",This is Buddy. His father was a bear and his mother was a perfectly toasted marshmallow. 12/10 would snug so well https://t.co/zGSj1oUgxx,,,,"https://twitter.com/dog_rates/status/762464539388485633/photo/1,https://twitter.com/dog_rates/status/762464539388485633/photo/1,https://twitter.com/dog_rates/status/762464539388485633/photo/1,https://twitter.com/dog_rates/status/762464539388485633/photo/1",12,10,Buddy,None,None,None,None
862,762699858130116608,,,2016-08-08 17:19:51 +0000,"<a href=""http://twitter.com/download/iphone"" rel=""nofollow"">Twitter for iPhone</a>",This is Leela. She's a Fetty Woof. Lost eye while saving a baby from an avalanche. 11/10 true h*ckin hero https://t.co/2lBg3ZgivD,,,,https://twitter.com/dog_rates/status/762699858130116608/photo/1,11,10,Leela,None,None,None,None
669,790227638568808452,,,2016-10-23 16:25:25 +0000,"<a href=""http://twitter.com/download/iphone"" rel=""nofollow"">Twitter for iPhone</a>",RT @dog_rates: This is Leela. She's a Fetty Woof. Lost eye while saving a baby from an avalanche. 11/10 true h*ckin hero https://t.co/2lBg3…,7.626998581301166e+17,4196983835.0,2016-08-08 17:19:51 +0000,https://twitter.com/dog_rates/status/762699858130116608/photo/1,11,10,Leela,None,None,None,None
837,767754930266464257,,,2016-08-22 16:06:54 +0000,"<a href=""http://twitter.com/download/iphone"" rel=""nofollow"">Twitter for iPhone</a>",This is Philbert. His toilet broke and he doesn't know what to do. Trying not to panic. 11/10 furustrated af https://t.co/Nb68IsVb9O,,,,https://twitter.com/dog_rates/status/767754930266464257/photo/1,11,10,Philbert,None,None,None,None
558,803321560782307329,,,2016-11-28 19:35:59 +0000,"<a href=""http://twitter.com/download/iphone"" rel=""nofollow"">Twitter for iPhone</a>",RT @dog_rates: This is Philbert. His toilet broke and he doesn't know what to do. Trying not to panic. 11/10 furustrated af https://t.co/Nb…,7.677549302664643e+17,4196983835.0,2016-08-22 16:06:54 +0000,https://twitter.com/dog_rates/status/767754930266464257/photo/1,11,10,Philbert,None,None,None,None
764,777953400541634568,,,2016-09-19 19:31:59 +0000,"<a href=""http://twitter.com/download/iphone"" rel=""nofollow"">Twitter for iPhone</a>",RT @dog_rates: Meet Gerald. He's a fairly exotic doggo. Floofy af. Inadequate knees tho. Self conscious about large forehead. 8/10 https://…,7.681934045178307e+17,4196983835.0,2016-08-23 21:09:14 +0000,https://twitter.com/dog_rates/status/768193404517830656/photo/1,8,10,Gerald,doggo,None,None,None
835,768193404517830656,,,2016-08-23 21:09:14 +0000,"<a href=""http://twitter.com/download/iphone"" rel=""nofollow"">Twitter for iPhone</a>",Meet Gerald. He's a fairly exotic doggo. Floofy af. Inadequate knees tho. Self conscious about large forehead. 8/10 https://t.co/WmczvjCWJq,,,,https://twitter.com/dog_rates/status/768193404517830656/photo/1,8,10,Gerald,doggo,None,None,None
810,771380798096281600,,,2016-09-01 16:14:48 +0000,"<a href=""http://twitter.com/download/iphone"" rel=""nofollow"">Twitter for iPhone</a>",Meet Fizz. She thinks love is a social construct consisting solely of ideals perpetuated by mass media 11/10 woke af https://t.co/sPB5JMnWBn,,,,"https://twitter.com/dog_rates/status/771380798096281600/photo/1,https://twitter.com/dog_rates/status/771380798096281600/photo/1,https://twitter.com/dog_rates/status/771380798096281600/photo/1,https://twitter.com/dog_rates/status/771380798096281600/photo/1",11,10,Fizz,None,None,None,None
794,773336787167145985,,,2016-09-07 01:47:12 +0000,"<a href=""http://twitter.com/download/iphone"" rel=""nofollow"">Twitter for iPhone</a>",RT @dog_rates: Meet Fizz. She thinks love is a social construct consisting solely of ideals perpetuated by mass media 11/10 woke af https:/…,7.713807980962816e+17,4196983835.0,2016-09-01 16:14:48 +0000,"https://twitter.com/dog_rates/status/771380798096281600/photo/1,https://twitter.com/dog_rates/status/771380798096281600/photo/1,https://twitter.com/dog_rates/status/771380798096281600/photo/1,https://twitter.com/dog_rates/status/771380798096281600/photo/1",11,10,Fizz,None,None,None,None
795,773308824254029826,,,2016-09-06 23:56:05 +0000,"<a href=""http://twitter.com/download/iphone"" rel=""nofollow"">Twitter for iPhone</a>",This is Bungalo. She uses that face to get what she wants. It works unbelievably well. 12/10 would never say no to https://t.co/0Fcft7jl4N,,,,https://twitter.com/dog_rates/status/773308824254029826/photo/1,12,10,Bungalo,None,None,None,None
250,845098359547420673,,,2017-03-24 02:22:04 +0000,"<a href=""http://twitter.com/download/iphone"" rel=""nofollow"">Twitter for iPhone</a>",RT @dog_rates: This is Bungalo. She uses that face to get what she wants. It works unbelievably well. 12/10 would never say no to https://t…,7.733088242540298e+17,4196983835.0,2016-09-06 23:56:05 +0000,https://twitter.com/dog_rates/status/773308824254029826/photo/1,12,10,Bungalo,None,None,None,None
788,774314403806253056,,,2016-09-09 18:31:54 +0000,"<a href=""http://twitter.com/download/iphone"" rel=""nofollow"">Twitter for iPhone</a>",I WAS SENT THE ACTUAL DOG IN THE PROFILE PIC BY HIS OWNER THIS IS SO WILD. 14/10 ULTIMATE LEGEND STATUS https://t.co/7oQ1wpfxIH,,,,"https://twitter.com/dog_rates/status/774314403806253056/photo/1,https://twitter.com/dog_rates/status/774314403806253056/photo/1,https://twitter.com/dog_rates/status/774314403806253056/photo/1,https://twitter.com/dog_rates/status/774314403806253056/photo/1",14,10,None,None,None,None,None
589,799308762079035393,,,2016-11-17 17:50:33 +0000,"<a href=""http://twitter.com/download/iphone"" rel=""nofollow"">Twitter for iPhone</a>",RT @dog_rates: I WAS SENT THE ACTUAL DOG IN THE PROFILE PIC BY HIS OWNER THIS IS SO WILD. 14/10 ULTIMATE LEGEND STATUS https://t.co/7oQ1wpf…,7.74314403806253e+17,4196983835.0,2016-09-09 18:31:54 +0000,"https://twitter.com/dog_rates/status/774314403806253056/photo/1,https://twitter.com/dog_rates/status/774314403806253056/photo/1,https://twitter.com/dog_rates/status/774314403806253056/photo/1,https://twitter.com/dog_rates/status/774314403806253056/photo/1",14,10,None,None,None,None,None
780,775733305207554048,,,2016-09-13 16:30:07 +0000,"<a href=""http://twitter.com/download/iphone"" rel=""nofollow"">Twitter for iPhone</a>",This is Anakin. He strives to reach his full doggo potential. Born with blurry tail tho. 11/10 would still pet well https://t.co/9CcBSxCXXG,,,,https://twitter.com/dog_rates/status/775733305207554048/photo/1,11,10,Anakin,doggo,None,None,None
574,801127390143516673,,,2016-11-22 18:17:08 +0000,"<a href=""http://twitter.com/download/iphone"" rel=""nofollow"">Twitter for iPhone</a>",RT @dog_rates: This is Anakin. He strives to reach his full doggo potential. Born with blurry tail tho. 11/10 would still pet well https://…,7.75733305207554e+17,4196983835.0,2016-09-13 16:30:07 +0000,https://twitter.com/dog_rates/status/775733305207554048/photo/1,11,10,Anakin,doggo,None,None,None
736,780931614150983680,,,2016-09-28 00:46:20 +0000,"<a href=""http://twitter.com/download/iphone"" rel=""nofollow"">Twitter for iPhone</a>",I want to finally rate this iconic puppo who thinks the parade is all for him. 13/10 would absolutely attend https://t.co/5dUYOu4b8d,,,,https://twitter.com/dog_rates/status/780931614150983680/photo/1,13,10,None,None,None,None,puppo
615,796563435802726400,,,2016-11-10 04:01:37 +0000,"<a href=""http://twitter.com/download/iphone"" rel=""nofollow"">Twitter for iPhone</a>",RT @dog_rates: I want to finally rate this iconic puppo who thinks the parade is all for him. 13/10 would absolutely attend https://t.co/5d…,7.809316141509837e+17,4196983835.0,2016-09-28 00:46:20 +0000,https://twitter.com/dog_rates/status/780931614150983680/photo/1,13,10,None,None,None,None,puppo
732,781524693396357120,,,2016-09-29 16:03:01 +0000,"<a href=""http://twitter.com/download/iphone"" rel=""nofollow"">Twitter for iPhone</a>",Idk why this keeps happening. We only rate dogs. Not Bangladeshi Couch Chipmunks. Please only send dogs... 12/10 https://t.co/ya7bviQUUf,,,,https://twitter.com/dog_rates/status/781524693396357120/photo/1,12,10,None,None,None,None,None
538,806620845233815552,,,2016-12-07 22:06:10 +0000,"<a href=""http://twitter.com/download/iphone"" rel=""nofollow"">Twitter for iPhone</a>",RT @dog_rates: Idk why this keeps happening. We only rate dogs. Not Bangladeshi Couch Chipmunks. Please only send dogs... 12/10 https://t.c…,7.815246933963571e+17,4196983835.0,2016-09-29 16:03:01 +0000,https://twitter.com/dog_rates/status/781524693396357120/photo/1,12,10,None,None,None,None,None
727,782305867769217024,,,2016-10-01 19:47:08 +0000,"<a href=""http://twitter.com/download/iphone"" rel=""nofollow"">Twitter for iPhone</a>",This is Sampson. He just graduated. Ready to be a doggo now. Time for the real world. 12/10 have fun with taxes https://t.co/pgVKxRw0s1,,,,"https://twitter.com/dog_rates/status/782305867769217024/photo/1,https://twitter.com/dog_rates/status/782305867769217024/photo/1,https://twitter.com/dog_rates/status/782305867769217024/photo/1",12,10,Sampson,doggo,None,None,None
425,821421320206483457,,,2017-01-17 18:17:58 +0000,"<a href=""http://twitter.com/download/iphone"" rel=""nofollow"">Twitter for iPhone</a>",RT @dog_rates: This is Sampson. He just graduated. Ready to be a doggo now. Time for the real world. 12/10 have fun with taxes https://t.co…,7.82305867769217e+17,4196983835.0,2016-10-01 19:47:08 +0000,"https://twitter.com/dog_rates/status/782305867769217024/photo/1,https://twitter.com/dog_rates/status/782305867769217024/photo/1,https://twitter.com/dog_rates/status/782305867769217024/photo/1",12,10,Sampson,doggo,None,None,None
286,838831947270979586,,,2017-03-06 19:21:35 +0000,"<a href=""http://twitter.com/download/iphone"" rel=""nofollow"">Twitter for iPhone</a>",RT @dog_rates: This is Riley. His owner put a donut pillow around him and he loves it so much he won't let anyone take it off. 13/10 https:…,7.838399664052306e+17,4196983835.0,2016-10-06 01:23:05 +0000,"https://twitter.com/dog_rates/status/783839966405230592/photo/1,https://twitter.com/dog_rates/status/783839966405230592/photo/1,https://twitter.com/dog_rates/status/783839966405230592/photo/1",13,10,Riley,None,None,None,None
715,783839966405230592,,,2016-10-06 01:23:05 +0000,"<a href=""http://twitter.com/download/iphone"" rel=""nofollow"">Twitter for iPhone</a>",This is Riley. His owner put a donut pillow around him and he loves it so much he won't let anyone take it off. 13/10 https://t.co/8TCQcsZCZ8,,,,"https://twitter.com/dog_rates/status/783839966405230592/photo/1,https://twitter.com/dog_rates/status/783839966405230592/photo/1,https://twitter.com/dog_rates/status/783839966405230592/photo/1",13,10,Riley,None,None,None,None
700,786233965241827333,,,2016-10-12 15:55:59 +0000,"<a href=""http://twitter.com/download/iphone"" rel=""nofollow"">Twitter for iPhone</a>",This is Mattie. She's extremely dangerous. Will bite your h*ckin finger right off. Still 11/10 would pet with caution https://t.co/78c9W8kLFh,,,,https://twitter.com/dog_rates/status/786233965241827333/photo/1,11,10,Mattie,None,None,None,None
420,822163064745328640,,,2017-01-19 19:25:24 +0000,"<a href=""http://twitter.com/download/iphone"" rel=""nofollow"">Twitter for iPhone</a>",RT @dog_rates: This is Mattie. She's extremely dangerous. Will bite your h*ckin finger right off. Still 11/10 would pet with caution https:…,7.862339652418273e+17,4196983835.0,2016-10-12 15:55:59 +0000,https://twitter.com/dog_rates/status/786233965241827333/photo/1,11,10,Mattie,None,None,None,None
340,832215909146226688,,,2017-02-16 13:11:49 +0000,"<a href=""http://twitter.com/download/iphone"" rel=""nofollow"">Twitter for iPhone</a>","RT @dog_rates: This is Logan, the Chow who lived. He solemnly swears he's up to lots of good. H*ckin magical af 9.75/10 https://t.co/yBO5wu…",7.867090828498289e+17,4196983835.0,2016-10-13 23:23:56 +0000,https://twitter.com/dog_rates/status/786709082849828864/photo/1,75,10,Logan,None,None,None,None
695,786709082849828864,,,2016-10-13 23:23:56 +0000,"<a href=""http://twitter.com/download/iphone"" rel=""nofollow"">Twitter for iPhone</a>","This is Logan, the Chow who lived. He solemnly swears he's up to lots of good. H*ckin magical af 9.75/10 https://t.co/yBO5wuqaPS",,,,https://twitter.com/dog_rates/status/786709082849828864/photo/1,75,10,Logan,None,None,None,None
307,835685285446955009,,,2017-02-26 02:57:52 +0000,"<a href=""http://twitter.com/download/iphone"" rel=""nofollow"">Twitter for iPhone</a>",RT @dog_rates: This is Rory. He's got an interview in a few minutes. Looking spiffy af. Nervous as h*ck tho. 12/10 would hire https://t.co/…,7.869630643735347e+17,4196983835.0,2016-10-14 16:13:10 +0000,https://twitter.com/dog_rates/status/786963064373534720/photo/1,12,10,Rory,None,None,None,None
693,786963064373534720,,,2016-10-14 16:13:10 +0000,"<a href=""http://twitter.com/download/iphone"" rel=""nofollow"">Twitter for iPhone</a>",This is Rory. He's got an interview in a few minutes. Looking spiffy af. Nervous as h*ck tho. 12/10 would hire https://t.co/ibj5g6xaAj,,,,https://twitter.com/dog_rates/status/786963064373534720/photo/1,12,10,Rory,None,None,None,None
479,815745968457060357,,,2017-01-02 02:26:09 +0000,"<a href=""http://twitter.com/download/iphone"" rel=""nofollow"">Twitter for iPhone</a>",RT @dog_rates: Say hello to Levi. He's a Madagascan Butterbop. One of the more docile Butterbops I've seen. 12/10 would give all the pets h…,7.914069556843684e+17,4196983835.0,2016-10-26 22:31:36 +0000,"https://twitter.com/dog_rates/status/791406955684368384/photo/1,https://twitter.com/dog_rates/status/791406955684368384/photo/1,https://twitter.com/dog_rates/status/791406955684368384/photo/1,https://twitter.com/dog_rates/status/791406955684368384/photo/1",12,10,Levi,None,None,None,None
659,791406955684368384,,,2016-10-26 22:31:36 +0000,"<a href=""http://twitter.com/download/iphone"" rel=""nofollow"">Twitter for iPhone</a>",Say hello to Levi. He's a Madagascan Butterbop. One of the more docile Butterbops I've seen. 12/10 would give all the pets https://t.co/Zcw9Sccctc,,,,"https://twitter.com/dog_rates/status/791406955684368384/photo/1,https://twitter.com/dog_rates/status/791406955684368384/photo/1,https://twitter.com/dog_rates/status/791406955684368384/photo/1,https://twitter.com/dog_rates/status/791406955684368384/photo/1",12,10,Levi,None,None,None,None
524,809220051211603969,,,2016-12-15 02:14:29 +0000,"<a href=""http://twitter.com/download/iphone"" rel=""nofollow"">Twitter for iPhone</a>",This is Kyro. He's a Stratocumulus Flop. Tongue ejects at random. Serious h*ckin condition. Still 12/10 would pet passionately https://t.co/wHu15q2Q6p,,,,"https://twitter.com/dog_rates/status/809220051211603969/photo/1,https://twitter.com/dog_rates/status/809220051211603969/photo/1",12,10,Kyro,None,None,None,None
357,830173239259324417,,,2017-02-10 21:54:58 +0000,"<a href=""http://twitter.com/download/iphone"" rel=""nofollow"">Twitter for iPhone</a>",RT @dog_rates: This is Kyro. He's a Stratocumulus Flop. Tongue ejects at random. Serious h*ckin condition. Still 12/10 would pet passionate…,8.09220051211604e+17,4196983835.0,2016-12-15 02:14:29 +0000,"https://twitter.com/dog_rates/status/809220051211603969/photo/1,https://twitter.com/dog_rates/status/809220051211603969/photo/1",12,10,Kyro,None,None,None,None
521,809920764300447744,,,2016-12-17 00:38:52 +0000,"<a href=""http://twitter.com/download/iphone"" rel=""nofollow"">Twitter for iPhone</a>","Please only send in dogs. We only rate dogs, not seemingly heartbroken ewoks. Thank you... still 10/10 would console https://t.co/HIraYS1Bzo",,,,https://twitter.com/dog_rates/status/809920764300447744/photo/1,10,10,None,None,None,None,None
386,826615380357632002,,,2017-02-01 02:17:19 +0000,"<a href=""http://twitter.com/download/iphone"" rel=""nofollow"">Twitter for iPhone</a>","RT @dog_rates: Please only send in dogs. We only rate dogs, not seemingly heartbroken ewoks. Thank you... still 10/10 would console https:/…",8.099207643004477e+17,4196983835.0,2016-12-17 00:38:52 +0000,https://twitter.com/dog_rates/status/809920764300447744/photo/1,10,10,None,None,None,None,None
520,810254108431155201,,,2016-12-17 22:43:27 +0000,"<a href=""http://twitter.com/download/iphone"" rel=""nofollow"">Twitter for iPhone</a>","This is Gus. He likes to be close to you, which is good because you want to be close to Gus. 12/10 would boop then pet https://t.co/DrsrQkEfnb",,,,https://twitter.com/dog_rates/status/810254108431155201/photo/1,12,10,Gus,None,None,None,None
366,828801551087042563,,,2017-02-07 03:04:22 +0000,"<a href=""http://twitter.com/download/iphone"" rel=""nofollow"">Twitter for iPhone</a>","RT @dog_rates: This is Gus. He likes to be close to you, which is good because you want to be close to Gus. 12/10 would boop then pet https…",8.102541084311552e+17,4196983835.0,2016-12-17 22:43:27 +0000,https://twitter.com/dog_rates/status/810254108431155201/photo/1,12,10,Gus,None,None,None,None
472,816450570814898180,,,2017-01-04 01:05:59 +0000,"<a href=""http://twitter.com/download/iphone"" rel=""nofollow"">Twitter for iPhone</a>",Meet Moose. He doesn't want his friend to go back to college. 13/10 looks like you're staying home John https://t.co/LIhmM7i70k,,,,"https://twitter.com/dog_rates/status/816450570814898180/photo/1,https://twitter.com/dog_rates/status/816450570814898180/photo/1",13,10,Moose,None,None,None,None
455,818307523543449600,,,2017-01-09 04:04:51 +0000,"<a href=""http://twitter.com/download/iphone"" rel=""nofollow"">Twitter for iPhone</a>",RT @dog_rates: Meet Moose. He doesn't want his friend to go back to college. 13/10 looks like you're staying home John https://t.co/LIhmM7i…,8.164505708148982e+17,4196983835.0,2017-01-04 01:05:59 +0000,"https://twitter.com/dog_rates/status/816450570814898180/photo/1,https://twitter.com/dog_rates/status/816450570814898180/photo/1",13,10,Moose,None,None,None,None
303,836397794269200385,,,2017-02-28 02:09:08 +0000,"<a href=""http://twitter.com/download/iphone"" rel=""nofollow"">Twitter for iPhone</a>",RT @dog_rates: This is Buddy. He ran into a glass door once. Now he's h*ckin skeptical. 13/10 empowering af (vid by Brittany Gaunt) https:/…,8.178278394877379e+17,4196983835.0,2017-01-07 20:18:46 +0000,https://twitter.com/dog_rates/status/817827839487737858/video/1,13,10,Buddy,None,None,None,None
459,817827839487737858,,,2017-01-07 20:18:46 +0000,"<a href=""http://twitter.com/download/iphone"" rel=""nofollow"">Twitter for iPhone</a>",This is Buddy. He ran into a glass door once. Now he's h*ckin skeptical. 13/10 empowering af (vid by Brittany Gaunt) https://t.co/q2BgNIi3OA,,,,https://twitter.com/dog_rates/status/817827839487737858/video/1,13,10,Buddy,None,None,None,None
445,819227688460238848,,,2017-01-11 17:01:16 +0000,"<a href=""http://twitter.com/download/iphone"" rel=""nofollow"">Twitter for iPhone</a>",This is Finn. He's wondering if you come here often. Fr*ckin flirtatious af. 12/10 would give number to https://t.co/ii5eNX5LJT,,,,https://twitter.com/dog_rates/status/819227688460238848/photo/1,12,10,Finn,None,None,None,None
431,820837357901512704,,,2017-01-16 03:37:31 +0000,"<a href=""http://twitter.com/download/iphone"" rel=""nofollow"">Twitter for iPhone</a>",RT @dog_rates: This is Finn. He's wondering if you come here often. Fr*ckin flirtatious af. 12/10 would give number to https://t.co/ii5eNX5…,8.192276884602388e+17,4196983835.0,2017-01-11 17:01:16 +0000,https://twitter.com/dog_rates/status/819227688460238848/photo/1,12,10,Finn,None,None,None,None
432,820749716845686786,,,2017-01-15 21:49:15 +0000,"<a href=""http://twitter.com/download/iphone"" rel=""nofollow"">Twitter for iPhone</a>",Meet Sunny. He can take down a polar bear in one fell swoop. Fr*cken deadly af. 13/10 would pet with caution https://t.co/EMq8Ud6Ze1,,,,"https://twitter.com/dog_rates/status/820749716845686786/photo/1,https://twitter.com/dog_rates/status/820749716845686786/photo/1",13,10,Sunny,None,None,None,None
289,838201503651401729,,,2017-03-05 01:36:26 +0000,"<a href=""http://twitter.com/download/iphone"" rel=""nofollow"">Twitter for iPhone</a>",RT @dog_rates: Meet Sunny. He can take down a polar bear in one fell swoop. Fr*cken deadly af. 13/10 would pet with caution https://t.co/EM…,8.207497168456868e+17,4196983835.0,2017-01-15 21:49:15 +0000,"https://twitter.com/dog_rates/status/820749716845686786/photo/1,https://twitter.com/dog_rates/status/820749716845686786/photo/1",13,10,Sunny,None,None,None,None
361,829501995190984704,,,2017-02-09 01:27:41 +0000,"<a href=""http://twitter.com/download/iphone"" rel=""nofollow"">Twitter for iPhone</a>",This is Leo. He was a skater pup. She said see ya later pup. He wasn't good enough for her. 12/10 you're good enough for me Leo https://t.co/Xw9JbJHTul,,,,"https://twitter.com/dog_rates/status/829501995190984704/photo/1,https://twitter.com/dog_rates/status/829501995190984704/photo/1",12,10,Leo,None,None,None,None
319,834477809192075265,,,2017-02-22 18:59:48 +0000,"<a href=""http://twitter.com/download/iphone"" rel=""nofollow"">Twitter for iPhone</a>",RT @dog_rates: This is Leo. He was a skater pup. She said see ya later pup. He wasn't good enough for her. 12/10 you're good enough for me…,8.295019951909847e+17,4196983835.0,2017-02-09 01:27:41 +0000,"https://twitter.com/dog_rates/status/829501995190984704/photo/1,https://twitter.com/dog_rates/status/829501995190984704/photo/1",12,10,Leo,None,None,None,None
338,832369877331693569,,,2017-02-16 23:23:38 +0000,"<a href=""http://twitter.com/download/iphone"" rel=""nofollow"">Twitter for iPhone</a>",This is Charlie. He fell asleep on a heating vent. Would puppreciate your assistance. 11/10 someone help Charlie https://t.co/Dhdx5HnQ4d,,,,https://twitter.com/dog_rates/status/832369877331693569/photo/1,11,10,Charlie,None,None,None,None
230,847978865427394560,,,2017-04-01 01:08:10 +0000,"<a href=""http://twitter.com/download/iphone"" rel=""nofollow"">Twitter for iPhone</a>",RT @dog_rates: This is Charlie. He fell asleep on a heating vent. Would puppreciate your assistance. 11/10 someone help Charlie https://t.c…,8.323698773316936e+17,4196983835.0,2017-02-16 23:23:38 +0000,https://twitter.com/dog_rates/status/832369877331693569/photo/1,11,10,Charlie,None,None,None,None
222,849668094696017920,,,2017-04-05 17:00:34 +0000,"<a href=""http://twitter.com/download/iphone"" rel=""nofollow"">Twitter for iPhone</a>",RT @dog_rates: This is Gidget. She's a spy pupper. Stealthy as h*ck. Must've slipped pup and got caught. 12/10 would forgive then pet https…,8.331246945974436e+17,4196983835.0,2017-02-19 01:23:00 +0000,"https://twitter.com/dog_rates/status/833124694597443584/photo/1,https://twitter.com/dog_rates/status/833124694597443584/photo/1,https://twitter.com/dog_rates/status/833124694597443584/photo/1",12,10,Gidget,None,None,pupper,None
330,833124694597443584,,,2017-02-19 01:23:00 +0000,"<a href=""http://twitter.com/download/iphone"" rel=""nofollow"">Twitter for iPhone</a>",This is Gidget. She's a spy pupper. Stealthy as h*ck. Must've slipped pup and got caught. 12/10 would forgive then pet https://t.co/zD97KYFaFa,,,,"https://twitter.com/dog_rates/status/833124694597443584/photo/1,https://twitter.com/dog_rates/status/833124694597443584/photo/1,https://twitter.com/dog_rates/status/833124694597443584/photo/1",12,10,Gidget,None,None,pupper,None
293,837820167694528512,,,2017-03-04 00:21:08 +0000,"<a href=""http://twitter.com/download/iphone"" rel=""nofollow"">Twitter for iPhone</a>","Here's a pupper before and after being asked ""who's a good girl?"" Unsure as h*ck. 12/10 hint hint it's you https://t.co/ORiK6jlgdH",,,,"https://twitter.com/dog_rates/status/837820167694528512/photo/1,https://twitter.com/dog_rates/status/837820167694528512/photo/1",12,10,None,None,None,pupper,None
137,866094527597207552,,,2017-05-21 00:53:21 +0000,"<a href=""http://twitter.com/download/iphone"" rel=""nofollow"">Twitter for iPhone</a>","RT @dog_rates: Here's a pupper before and after being asked ""who's a good girl?"" Unsure as h*ck. 12/10 hint hint it's you https://t.co/ORiK…",8.378201676945285e+17,4196983835.0,2017-03-04 00:21:08 +0000,"https://twitter.com/dog_rates/status/837820167694528512/photo/1,https://twitter.com/dog_rates/status/837820167694528512/photo/1",12,10,None,None,None,pupper,None
171,858860390427611136,,,2017-05-01 01:47:28 +0000,"<a href=""http://twitter.com/download/iphone"" rel=""nofollow"">Twitter for iPhone</a>","RT @dog_rates: Meet Winston. He knows he's a little too big for the swing, but he doesn't care. Kindly requests a push. 12/10 would happily…",8.395493263596708e+17,4196983835.0,2017-03-08 18:52:12 +0000,https://twitter.com/dog_rates/status/839549326359670784/photo/1,12,10,Winston,None,None,None,None
280,839549326359670784,,,2017-03-08 18:52:12 +0000,"<a href=""http://twitter.com/download/iphone"" rel=""nofollow"">Twitter for iPhone</a>","Meet Winston. He knows he's a little too big for the swing, but he doesn't care. Kindly requests a push. 12/10 would happily oblige https://t.co/GuxEXTdnMu",,,,https://twitter.com/dog_rates/status/839549326359670784/photo/1,12,10,Winston,None,None,None,None
271,841077006473256960,,,2017-03-13 00:02:39 +0000,"<a href=""http://twitter.com/download/iphone"" rel=""nofollow"">Twitter for iPhone</a>",This is Dawn. She's just checking pup on you. Making sure you're doing okay. 12/10 she's here if you need her https://t.co/XKJrmO4fAQ,,,,https://twitter.com/dog_rates/status/841077006473256960/photo/1,12,10,Dawn,None,None,None,None
109,871166179821445120,,,2017-06-04 00:46:17 +0000,"<a href=""http://twitter.com/download/iphone"" rel=""nofollow"">Twitter for iPhone</a>",RT @dog_rates: This is Dawn. She's just checking pup on you. Making sure you're doing okay. 12/10 she's here if you need her https://t.co/X…,8.41077006473257e+17,4196983835.0,2017-03-13 00:02:39 +0000,https://twitter.com/dog_rates/status/841077006473256960/photo/1,12,10,Dawn,None,None,None,None
194,855245323840757760,,,2017-04-21 02:22:29 +0000,"<a href=""http://twitter.com/download/iphone"" rel=""nofollow"">Twitter for iPhone</a>",RT @dog_rates: Meet George. He looks slightly deflated but overall quite powerful. Not sure how that human restrained him. 12/10 would snug…,8.421635325903749e+17,4196983835.0,2017-03-16 00:00:07 +0000,"https://twitter.com/dog_rates/status/842163532590374912/photo/1,https://twitter.com/dog_rates/status/842163532590374912/photo/1",12,10,George,None,None,None,None
264,842163532590374912,,,2017-03-16 00:00:07 +0000,"<a href=""http://twitter.com/download/iphone"" rel=""nofollow"">Twitter for iPhone</a>",Meet George. He looks slightly deflated but overall quite powerful. Not sure how that human restrained him. 12/10 would snug with permission https://t.co/o6E0hB3xZl,,,,"https://twitter.com/dog_rates/status/842163532590374912/photo/1,https://twitter.com/dog_rates/status/842163532590374912/photo/1",12,10,George,None,None,None,None
182,856602993587888130,,,2017-04-24 20:17:23 +0000,"<a href=""http://twitter.com/download/iphone"" rel=""nofollow"">Twitter for iPhone</a>",RT @dog_rates: This is Luna. It's her first time outside and a bee stung her nose. Completely h*ckin uncalled for. 13/10 where's the bee I…,8.44704788403114e+17,4196983835.0,2017-03-23 00:18:10 +0000,https://twitter.com/dog_rates/status/844704788403113984/photo/1,13,10,Luna,None,None,None,None
253,844704788403113984,,,2017-03-23 00:18:10 +0000,"<a href=""http://twitter.com/download/iphone"" rel=""nofollow"">Twitter for iPhone</a>",This is Luna. It's her first time outside and a bee stung her nose. Completely h*ckin uncalled for. 13/10 where's the bee I just wanna talk https://t.co/2RYiLGHuPN,,,,https://twitter.com/dog_rates/status/844704788403113984/photo/1,13,10,Luna,None,None,None,None
118,869988702071779329,,,2017-05-31 18:47:24 +0000,"<a href=""http://twitter.com/download/iphone"" rel=""nofollow"">Twitter for iPhone</a>",RT @dog_rates: We only rate dogs. This is quite clearly a smol broken polar bear. We'd appreciate if you only send dogs. Thank you... 12/10…,8.591969789027738e+17,4196983835.0,2017-05-02 00:04:57 +0000,https://twitter.com/dog_rates/status/859196978902773760/video/1,12,10,quite,None,None,None,None
169,859196978902773760,,,2017-05-02 00:04:57 +0000,"<a href=""http://twitter.com/download/iphone"" rel=""nofollow"">Twitter for iPhone</a>",We only rate dogs. This is quite clearly a smol broken polar bear. We'd appreciate if you only send dogs. Thank you... 12/10 https://t.co/g2nSyGenG9,,,,https://twitter.com/dog_rates/status/859196978902773760/video/1,12,10,quite,None,None,None,None
136,866334964761202691,,,2017-05-21 16:48:45 +0000,"<a href=""http://twitter.com/download/iphone"" rel=""nofollow"">Twitter for iPhone</a>",This is Coco. At first I thought she was a cloud but clouds don't bork with such passion. 12/10 would hug softly https://t.co/W86h5dgR6c,,,,"https://twitter.com/dog_rates/status/866334964761202691/photo/1,https://twitter.com/dog_rates/status/866334964761202691/photo/1",12,10,Coco,None,None,None,None
91,874434818259525634,,,2017-06-13 01:14:41 +0000,"<a href=""http://twitter.com/download/iphone"" rel=""nofollow"">Twitter for iPhone</a>",RT @dog_rates: This is Coco. At first I thought she was a cloud but clouds don't bork with such passion. 12/10 would hug softly https://t.c…,8.663349647612027e+17,4196983835.0,2017-05-21 16:48:45 +0000,"https://twitter.com/dog_rates/status/866334964761202691/photo/1,https://twitter.com/dog_rates/status/866334964761202691/photo/1",12,10,Coco,None,None,None,None
132,866816280283807744,,,2017-05-23 00:41:20 +0000,"<a href=""http://twitter.com/download/iphone"" rel=""nofollow"">Twitter for iPhone</a>","RT @dog_rates: This is Jamesy. He gives a kiss to every other pupper he sees on his walk. 13/10 such passion, much tender https://t.co/wk7T…",8.664507055314575e+17,4196983835.0,2017-05-22 00:28:40 +0000,"https://twitter.com/dog_rates/status/866450705531457537/photo/1,https://twitter.com/dog_rates/status/866450705531457537/photo/1",13,10,Jamesy,None,None,pupper,None
135,866450705531457537,,,2017-05-22 00:28:40 +0000,"<a href=""http://twitter.com/download/iphone"" rel=""nofollow"">Twitter for iPhone</a>","This is Jamesy. He gives a kiss to every other pupper he sees on his walk. 13/10 such passion, much tender https://t.co/wk7TfysWHr",,,,"https://twitter.com/dog_rates/status/866450705531457537/photo/1,https://twitter.com/dog_rates/status/866450705531457537/photo/1",13,10,Jamesy,None,None,pupper,None
76,878057613040115712,,,2017-06-23 01:10:23 +0000,"<a href=""http://twitter.com/download/iphone"" rel=""nofollow"">Twitter for iPhone</a>",This is Emmy. She was adopted today. Massive round of pupplause for Emmy and her new family. 14/10 for all involved https://t.co/cwtWnHMVpe,,,,"https://twitter.com/dog_rates/status/878057613040115712/photo/1,https://twitter.com/dog_rates/status/878057613040115712/photo/1",14,10,Emmy,None,None,None,None
68,879130579576475649,,,2017-06-26 00:13:58 +0000,"<a href=""http://twitter.com/download/iphone"" rel=""nofollow"">Twitter for iPhone</a>",RT @dog_rates: This is Emmy. She was adopted today. Massive round of pupplause for Emmy and her new family. 14/10 for all involved https://…,8.780576130401157e+17,4196983835.0,2017-06-23 01:10:23 +0000,"https://twitter.com/dog_rates/status/878057613040115712/photo/1,https://twitter.com/dog_rates/status/878057613040115712/photo/1",14,10,Emmy,None,None,None,None
2212,668587383441514497,,,2015-11-23 00:30:28 +0000,"<a href=""http://vine.co"" rel=""nofollow"">Vine - Make a Scene</a>",Never forget this vine. You will not stop watching for at least 15 minutes. This is the second coveted.. 13/10 https://t.co/roqIxCvEB3,,,,https://vine.co/v/ea0OwvPTx9l,13,10,the,None,None,None,None
657,791774931465953280,,,2016-10-27 22:53:48 +0000,"<a href=""http://vine.co"" rel=""nofollow"">Vine - Make a Scene</a>",Vine will be deeply missed. This was by far my favorite one. 14/10 https://t.co/roqIxCvEB3,,,,https://vine.co/v/ea0OwvPTx9l,14,10,None,None,None,None,None
276,840632337062862849,,,2017-03-11 18:35:42 +0000,"<a href=""http://twitter.com/download/iphone"" rel=""nofollow"">Twitter for iPhone</a>","Say hello to Maddie and Gunner. They are considerably pupset about bath time. Both 12/10 but Gunner needs your help

https://t.co/JesYTzb1Jo https://t.co/5cncH08G1o",,,,"https://www.gofundme.com/3hgsuu0,https://twitter.com/dog_rates/status/840632337062862849/photo/1",12,10,Maddie,None,None,None,None
272,840761248237133825,,,2017-03-12 03:07:56 +0000,"<a href=""http://twitter.com/download/iphone"" rel=""nofollow"">Twitter for iPhone</a>","RT @dog_rates: Say hello to Maddie and Gunner. They are considerably pupset about bath time. Both 12/10 but Gunner needs your help

https:/…",8.406323370628628e+17,4196983835.0,2017-03-11 18:35:42 +0000,"https://www.gofundme.com/3hgsuu0,https://twitter.com/dog_rates/status/840632337062862849/photo/1",12,10,Maddie,None,None,None,None
124,868639477480148993,,,2017-05-28 01:26:04 +0000,"<a href=""http://twitter.com/download/iphone"" rel=""nofollow"">Twitter for iPhone</a>","RT @dog_rates: Say hello to Cooper. His expression is the same wet or dry. Absolute 12/10 but Coop desperately requests your help

https://…",8.685522785248379e+17,4196983835.0,2017-05-27 19:39:34 +0000,"https://www.gofundme.com/3ti3nps,https://twitter.com/dog_rates/status/868552278524837888/photo/1,https://twitter.com/dog_rates/status/868552278524837888/photo/1",12,10,Cooper,None,None,None,None
126,868552278524837888,,,2017-05-27 19:39:34 +0000,"<a href=""http://twitter.com/download/iphone"" rel=""nofollow"">Twitter for iPhone</a>","Say hello to Cooper. His expression is the same wet or dry. Absolute 12/10 but Coop desperately requests your help

https://t.co/ZMTE4Mr69f https://t.co/7RyeXTYLNi",,,,"https://www.gofundme.com/3ti3nps,https://twitter.com/dog_rates/status/868552278524837888/photo/1,https://twitter.com/dog_rates/status/868552278524837888/photo/1",12,10,Cooper,None,None,None,None
73,878404777348136964,,,2017-06-24 00:09:53 +0000,"<a href=""http://twitter.com/download/iphone"" rel=""nofollow"">Twitter for iPhone</a>","RT @dog_rates: Meet Shadow. In an attempt to reach maximum zooming borkdrive, he tore his ACL. Still 13/10 tho. Help him out below

https:/…",8.782815110064783e+17,4196983835.0,2017-06-23 16:00:04 +0000,"https://www.gofundme.com/3yd6y1c,https://twitter.com/dog_rates/status/878281511006478336/photo/1",13,10,Shadow,None,None,None,None
75,878281511006478336,,,2017-06-23 16:00:04 +0000,"<a href=""http://twitter.com/download/iphone"" rel=""nofollow"">Twitter for iPhone</a>","Meet Shadow. In an attempt to reach maximum zooming borkdrive, he tore his ACL. Still 13/10 tho. Help him out below

https://t.co/245xJJElsY https://t.co/lUiQH219v6",,,,"https://www.gofundme.com/3yd6y1c,https://twitter.com/dog_rates/status/878281511006478336/photo/1",13,10,Shadow,None,None,None,None
159,860981674716409858,,,2017-05-06 22:16:42 +0000,"<a href=""http://twitter.com/download/iphone"" rel=""nofollow"">Twitter for iPhone</a>","RT @dog_rates: Meet Lorenzo. He's an avid nifty hat wearer and absolute 13/10, but he needs your help to beat cancer. Link below

https://t…",8.605637731402097e+17,4196983835.0,2017-05-05 18:36:06 +0000,"https://www.gofundme.com/help-lorenzo-beat-cancer,https://twitter.com/dog_rates/status/860563773140209665/photo/1,https://twitter.com/dog_rates/status/860563773140209665/photo/1",13,10,Lorenzo,None,None,None,None
161,860563773140209665,,,2017-05-05 18:36:06 +0000,"<a href=""http://twitter.com/download/iphone"" rel=""nofollow"">Twitter for iPhone</a>","Meet Lorenzo. He's an avid nifty hat wearer and absolute 13/10, but he needs your help to beat cancer. Link below

https://t.co/qZdSdzm08p https://t.co/oDIQ1KkdPt",,,,"https://www.gofundme.com/help-lorenzo-beat-cancer,https://twitter.com/dog_rates/status/860563773140209665/photo/1,https://twitter.com/dog_rates/status/860563773140209665/photo/1",13,10,Lorenzo,None,None,None,None
98,873213775632977920,,,2017-06-09 16:22:42 +0000,"<a href=""http://twitter.com/download/iphone"" rel=""nofollow"">Twitter for iPhone</a>","This is Sierra. She's one precious pupper. Absolute 12/10. Been in and out of ICU her whole life. Help Sierra below

https://t.co/Xp01EU3qyD https://t.co/V5lkvrGLdQ",,,,"https://www.gofundme.com/help-my-baby-sierra-get-better,https://twitter.com/dog_rates/status/873213775632977920/photo/1,https://twitter.com/dog_rates/status/873213775632977920/photo/1",12,10,Sierra,None,None,pupper,None
97,873337748698140672,,,2017-06-10 00:35:19 +0000,"<a href=""http://twitter.com/download/iphone"" rel=""nofollow"">Twitter for iPhone</a>","RT @dog_rates: This is Sierra. She's one precious pupper. Absolute 12/10. Been in and out of ICU her whole life. Help Sierra below

https:/…",8.732137756329779e+17,4196983835.0,2017-06-09 16:22:42 +0000,"https://www.gofundme.com/help-my-baby-sierra-get-better,https://twitter.com/dog_rates/status/873213775632977920/photo/1,https://twitter.com/dog_rates/status/873213775632977920/photo/1",12,10,Sierra,None,None,pupper,None
146,863471782782697472,,,2017-05-13 19:11:30 +0000,"<a href=""http://twitter.com/download/iphone"" rel=""nofollow"">Twitter for iPhone</a>","RT @dog_rates: Say hello to Quinn. She's quite the goofball. Not even a year old. Confirmed 13/10 but she really needs your help 

https://…",8.630624715311677e+17,4196983835.0,2017-05-12 16:05:02 +0000,"https://www.gofundme.com/helpquinny,https://twitter.com/dog_rates/status/863062471531167744/photo/1,https://twitter.com/dog_rates/status/863062471531167744/photo/1,https://twitter.com/dog_rates/status/863062471531167744/photo/1,https://twitter.com/dog_rates/status/863062471531167744/photo/1",13,10,Quinn,None,None,None,None
150,863062471531167744,,,2017-05-12 16:05:02 +0000,"<a href=""http://twitter.com/download/iphone"" rel=""nofollow"">Twitter for iPhone</a>","Say hello to Quinn. She's quite the goofball. Not even a year old. Confirmed 13/10 but she really needs your help 

https://t.co/MOBkQnyHib https://t.co/EsOB4rLEKt",,,,"https://www.gofundme.com/helpquinny,https://twitter.com/dog_rates/status/863062471531167744/photo/1,https://twitter.com/dog_rates/status/863062471531167744/photo/1,https://twitter.com/dog_rates/status/863062471531167744/photo/1,https://twitter.com/dog_rates/status/863062471531167744/photo/1",13,10,Quinn,None,None,None,None
312,835264098648616962,,,2017-02-24 23:04:14 +0000,"<a href=""http://twitter.com/download/iphone"" rel=""nofollow"">Twitter for iPhone</a>","Meet Lola. Her hobbies include being precious af and using her foot as a toothbrush. 12/10 Lola requests your help

https://t.co/FYFyHh7rir https://t.co/IiB7ggduoU",,,,"https://www.gofundme.com/lolas-life-saving-surgery-funds,https://twitter.com/dog_rates/status/835264098648616962/photo/1,https://twitter.com/dog_rates/status/835264098648616962/photo/1",12,10,Lola,None,None,None,None
309,835536468978302976,,,2017-02-25 17:06:32 +0000,"<a href=""http://twitter.com/download/iphone"" rel=""nofollow"">Twitter for iPhone</a>","RT @dog_rates: Meet Lola. Her hobbies include being precious af and using her foot as a toothbrush. 12/10 Lola requests your help

https://…",8.35264098648617e+17,4196983835.0,2017-02-24 23:04:14 +0000,"https://www.gofundme.com/lolas-life-saving-surgery-funds,https://twitter.com/dog_rates/status/835264098648616962/photo/1,https://twitter.com/dog_rates/status/835264098648616962/photo/1",12,10,Lola,None,None,None,None
397,825120256414846976,,,2017-01-27 23:16:13 +0000,"<a href=""http://twitter.com/download/iphone"" rel=""nofollow"">Twitter for iPhone</a>","RT @dog_rates: Say hello to Pablo. He's one gorgeous puppo. A true 12/10. Click the link to see why Pablo requests your assistance

https:/…",8.250265907194839e+17,4196983835.0,2017-01-27 17:04:02 +0000,"https://www.gofundme.com/my-puppys-double-cataract-surgery,https://twitter.com/dog_rates/status/825026590719483904/photo/1,https://twitter.com/dog_rates/status/825026590719483904/photo/1",12,10,Pablo,None,None,None,puppo
398,825026590719483904,,,2017-01-27 17:04:02 +0000,"<a href=""http://twitter.com/download/iphone"" rel=""nofollow"">Twitter for iPhone</a>","Say hello to Pablo. He's one gorgeous puppo. A true 12/10. Click the link to see why Pablo requests your assistance

https://t.co/koHvVQp9bL https://t.co/IhW0JKf7kc",,,,"https://www.gofundme.com/my-puppys-double-cataract-surgery,https://twitter.com/dog_rates/status/825026590719483904/photo/1,https://twitter.com/dog_rates/status/825026590719483904/photo/1",12,10,Pablo,None,None,None,puppo
438,820013781606658049,,,2017-01-13 21:04:55 +0000,"<a href=""http://twitter.com/download/iphone"" rel=""nofollow"">Twitter for iPhone</a>","RT @dog_rates: This is Oliver. He has dreams of being a service puppo so he can help his owner. 13/10 selfless af

make it happen:
https://…",8.199522364533637e+17,4196983835.0,2017-01-13 17:00:21 +0000,"https://www.gofundme.com/servicedogoliver,https://twitter.com/dog_rates/status/819952236453363712/photo/1",13,10,Oliver,None,None,None,puppo
439,819952236453363712,,,2017-01-13 17:00:21 +0000,"<a href=""http://twitter.com/download/iphone"" rel=""nofollow"">Twitter for iPhone</a>","This is Oliver. He has dreams of being a service puppo so he can help his owner. 13/10 selfless af

make it happen:
https://t.co/f5WMsx0a9K https://t.co/6lJz0DKZIb",,,,"https://www.gofundme.com/servicedogoliver,https://twitter.com/dog_rates/status/819952236453363712/photo/1",13,10,Oliver,None,None,None,puppo
477,815990720817401858,,,2017-01-02 18:38:42 +0000,"<a href=""http://twitter.com/download/iphone"" rel=""nofollow"">Twitter for iPhone</a>","Meet Jack. He's one of the rare doggos that doesn't mind baths. 11/10 click the link to see how you can help Jack!

https://t.co/r4W111FzAq https://t.co/fQpYuMKG3p",,,,"https://www.gofundme.com/surgeryforjacktheminpin,https://twitter.com/dog_rates/status/815990720817401858/photo/1",11,10,Jack,None,None,None,None
475,816062466425819140,,,2017-01-02 23:23:48 +0000,"<a href=""http://twitter.com/download/iphone"" rel=""nofollow"">Twitter for iPhone</a>","RT @dog_rates: Meet Jack. He's one of the rare doggos that doesn't mind baths. 11/10 click the link to see how you can help Jack!

https://…",8.159907208174019e+17,4196983835.0,2017-01-02 18:38:42 +0000,"https://www.gofundme.com/surgeryforjacktheminpin,https://twitter.com/dog_rates/status/815990720817401858/photo/1",11,10,Jack,None,None,None,None
434,820494788566847489,,,2017-01-15 04:56:16 +0000,"<a href=""http://twitter.com/download/iphone"" rel=""nofollow"">Twitter for iPhone</a>","RT @dog_rates: We are proud to support @LoveYourMelon on their mission to put a hat on every kid battling cancer. They are 14/10

https://t…",8.203146337770619e+17,4196983835.0,2017-01-14 17:00:24 +0000,"https://www.loveyourmelon.com/pages/ourstory,https://twitter.com/dog_rates/status/820314633777061888/photo/1,https://twitter.com/dog_rates/status/820314633777061888/photo/1,https://twitter.com/dog_rates/status/820314633777061888/photo/1",14,10,None,None,None,None,None
436,820314633777061888,,,2017-01-14 17:00:24 +0000,"<a href=""http://twitter.com/download/iphone"" rel=""nofollow"">Twitter for iPhone</a>","We are proud to support @LoveYourMelon on their mission to put a hat on every kid battling cancer. They are 14/10

https://t.co/XQlmPTLHPl https://t.co/ZNIkkHgtYE",,,,"https://www.loveyourmelon.com/pages/ourstory,https://twitter.com/dog_rates/status/820314633777061888/photo/1,https://twitter.com/dog_rates/status/820314633777061888/photo/1,https://twitter.com/dog_rates/status/820314633777061888/photo/1",14,10,None,None,None,None,None
30,886267009285017600,8.862663570751283e+17,2281181600.0,2017-07-15 16:51:35 +0000,"<a href=""http://twitter.com/download/iphone"" rel=""nofollow"">Twitter for iPhone</a>",@NonWhiteHat @MayhewMayhem omg hello tanner you are a scary good boy 12/10 would pet with extreme caution,,,,,12,10,None,None,None,None,None
55,881633300179243008,8.816070373140521e+17,47384430.0,2017-07-02 21:58:53 +0000,"<a href=""http://twitter.com/download/iphone"" rel=""nofollow"">Twitter for iPhone</a>",@roushfenway These are good dogs but 17/10 is an emotional impulse rating. More like 13/10s,,,,,17,10,None,None,None,None,None
64,879674319642796034,8.795538273341727e+17,3105440746.0,2017-06-27 12:14:36 +0000,"<a href=""http://twitter.com/download/iphone"" rel=""nofollow"">Twitter for iPhone</a>",@RealKentMurphy 14/10 confirmed,,,,,14,10,None,None,None,None,None
113,870726314365509632,8.707262027424932e+17,16487760.0,2017-06-02 19:38:25 +0000,"<a href=""http://twitter.com/download/iphone"" rel=""nofollow"">Twitter for iPhone</a>",@ComplicitOwl @ShopWeRateDogs &gt;10/10 is reserved for dogs,,,,,10,10,None,None,None,None,None
148,863427515083354112,8.634256455687741e+17,77596200.0,2017-05-13 16:15:35 +0000,"<a href=""http://twitter.com/download/iphone"" rel=""nofollow"">Twitter for iPhone</a>","@Jack_Septic_Eye I'd need a few more pics to polish a full analysis, but based on the good boy content above I'm leaning towards 12/10",,,,,12,10,None,None,None,None,None
179,857214891891077121,8.571566780553421e+17,180670967.0,2017-04-26 12:48:51 +0000,"<a href=""http://twitter.com/download/iphone"" rel=""nofollow"">Twitter for iPhone</a>",@Marc_IRL pixelated af 12/10,,,,,12,10,None,None,None,None,None
185,856330835276025856,,,2017-04-24 02:15:55 +0000,"<a href=""http://twitter.com/download/iphone"" rel=""nofollow"">Twitter for iPhone</a>",RT @Jenna_Marbles: @dog_rates Thanks for rating my cermets 14/10 wow I'm so proud I watered them so much,8.563301587682181e+17,66699013.0,2017-04-24 02:13:14 +0000,,14,10,None,None,None,None,None
186,856288084350160898,8.562860041095537e+17,279280991.0,2017-04-23 23:26:03 +0000,"<a href=""http://twitter.com/download/iphone"" rel=""nofollow"">Twitter for iPhone</a>",@xianmcguire @Jenna_Marbles Kardashians wouldn't be famous if as a society we didn't place enormous value on what they do. The dogs are very deserving of their 14/10,,,,,14,10,None,None,None,None,None
188,855862651834028034,8.558615844633518e+17,194351775.0,2017-04-22 19:15:32 +0000,"<a href=""http://twitter.com/download/iphone"" rel=""nofollow"">Twitter for iPhone</a>",@dhmontgomery We also gave snoop dogg a 420/10 but I think that predated your research,,,,,420,10,None,None,None,None,None
189,855860136149123072,8.558585356070011e+17,13615722.0,2017-04-22 19:05:32 +0000,"<a href=""http://twitter.com/download/iphone"" rel=""nofollow"">Twitter for iPhone</a>","@s8n You tried very hard to portray this good boy as not so good, but you have ultimately failed. His goodness shines through. 666/10",,,,,666,10,None,None,None,None,None
218,850333567704068097,8.503288187788206e+17,21955058.0,2017-04-07 13:04:55 +0000,"<a href=""http://twitter.com/download/iphone"" rel=""nofollow"">Twitter for iPhone</a>",@markhoppus MARK THAT DOG HAS SEEN AND EXPERIENCED MANY THINGS. PROBABLY LOST OTHER EAR DOING SOMETHING HEROIC. 13/10 HUG THE DOG HOPPUS,,,,,13,10,None,None,None,None,None
228,848213670039564288,8.482121117298401e+17,4196983835.0,2017-04-01 16:41:12 +0000,"<a href=""http://twitter.com/download/iphone"" rel=""nofollow"">Twitter for iPhone</a>",Jerry just apuppologized to me. He said there was no ill-intent to the slippage. I overreacted I admit. Pupgraded to an 11/10 would pet,,,,,11,10,None,None,None,None,None
234,847617282490613760,8.476061755961385e+17,4196983835.0,2017-03-31 01:11:22 +0000,"<a href=""http://twitter.com/download/iphone"" rel=""nofollow"">Twitter for iPhone</a>",.@breaannanicolee PUPDATE: Cannon has a heart on his nose. Pupgraded to a 13/10,,,,,13,10,None,None,None,None,None
274,840698636975636481,8.406983002988626e+17,8.405478643549184e+17,2017-03-11 22:59:09 +0000,"<a href=""http://twitter.com/download/iphone"" rel=""nofollow"">Twitter for iPhone</a>",@0_kelvin_0 &gt;10/10 is reserved for puppos sorry Kevin,,,,,10,10,None,None,None,None,None
290,838150277551247360,8.381454986911949e+17,21955058.0,2017-03-04 22:12:52 +0000,"<a href=""http://twitter.com/download/iphone"" rel=""nofollow"">Twitter for iPhone</a>",@markhoppus 182/10,,,,,182,10,None,None,None,None,None
291,838085839343206401,8.380855393624023e+17,2894131180.0,2017-03-04 17:56:49 +0000,"<a href=""http://twitter.com/download/iphone"" rel=""nofollow"">Twitter for iPhone</a>",@bragg6of8 @Andy_Pace_ we are still looking for the first 15/10,,,,,15,10,None,None,None,None,None
313,835246439529840640,8.35245984028504e+17,26259576.0,2017-02-24 21:54:03 +0000,"<a href=""http://twitter.com/download/iphone"" rel=""nofollow"">Twitter for iPhone</a>","@jonnysun @Lin_Manuel ok jomny I know you're excited but 960/00 isn't a valid rating, 13/10 is tho",,,,,960,0,None,None,None,None,None
342,832088576586297345,8.320875475599974e+17,30582082.0,2017-02-16 04:45:50 +0000,"<a href=""http://twitter.com/download/iphone"" rel=""nofollow"">Twitter for iPhone</a>",@docmisterio account started on 11/15/15,,,,,11,15,None,None,None,None,None
346,831926988323639298,8.319030442248356e+17,20683724.0,2017-02-15 18:03:45 +0000,"<a href=""http://twitter.com/download/iphone"" rel=""nofollow"">Twitter for iPhone</a>",@UNC can confirm 12/10,,,,,12,10,None,None,None,None,None
375,828361771580813312,,,2017-02-05 21:56:51 +0000,"<a href=""http://twitter.com"" rel=""nofollow"">Twitter Web Client</a>",Beebop and Doobert should start a band 12/10 would listen,,,,,12,10,None,None,None,None,None
387,826598799820865537,8.265983652700078e+17,4196983835.0,2017-02-01 01:11:25 +0000,"<a href=""http://twitter.com/download/iphone"" rel=""nofollow"">Twitter for iPhone</a>","I was going to do 007/10, but the joke wasn't worth the &lt;10 rating",,,,,7,10,None,None,None,None,None
409,823333489516937216,8.233263893362442e+17,1582853809.0,2017-01-23 00:56:15 +0000,"<a href=""http://twitter.com/download/iphone"" rel=""nofollow"">Twitter for iPhone</a>",@HistoryInPics 13/10,,,,,13,10,None,None,None,None,None
427,821153421864615936,8.21152592717697e+17,113211856.0,2017-01-17 00:33:26 +0000,"<a href=""http://twitter.com/download/iphone"" rel=""nofollow"">Twitter for iPhone</a>",@imgur for a polar bear tho I'd say 13/10 is appropriate,,,,,13,10,None,None,None,None,None
498,813130366689148928,8.13127251579564e+17,4196983835.0,2016-12-25 21:12:41 +0000,"<a href=""http://twitter.com/download/iphone"" rel=""nofollow"">Twitter for iPhone</a>",I've been informed by multiple sources that this is actually a dog elf who's tired from helping Santa all night. Pupgraded to 12/10,,,,,12,10,None,None,None,None,None
513,811647686436880384,8.116272330434806e+17,4196983835.0,2016-12-21 19:01:02 +0000,"<a href=""http://twitter.com/download/iphone"" rel=""nofollow"">Twitter for iPhone</a>",PUPDATE: I've been informed that Augie was actually bringing his family these flowers when he tripped. Very good boy. Pupgraded to 11/10,,,,,11,10,None,None,None,None,None
570,801854953262350336,8.018543306724475e+17,11856342.0,2016-11-24 18:28:13 +0000,"<a href=""http://twitter.com/download/iphone"" rel=""nofollow"">Twitter for iPhone</a>",.@NBCSports OMG THE TINY HAT I'M GOING TO HAVE TO SAY 11/10 NBC,,,,,11,10,None,None,None,None,None
576,800859414831898624,8.008579544172626e+17,291859009.0,2016-11-22 00:32:18 +0000,"<a href=""http://twitter.com/download/iphone"" rel=""nofollow"">Twitter for iPhone</a>",@SkyWilliams doggo simply protecting you from evil that which you cannot see. 11/10 would give extra pets,,,,,11,10,None,doggo,None,None,None
611,797165961484890113,7.97123751162839e+17,29166305.0,2016-11-11 19:55:50 +0000,"<a href=""http://twitter.com/download/iphone"" rel=""nofollow"">Twitter for iPhone</a>",@JODYHiGHROLLER it may be an 11/10 but what do I know 😉,,,,,11,10,None,None,None,None,None
701,786051337297522688,7.727430194476073e+17,7.305050141505823e+17,2016-10-12 03:50:17 +0000,"<a href=""http://twitter.com/download/iphone"" rel=""nofollow"">Twitter for iPhone</a>",13/10 for breakdancing puppo @shibbnbot,,,,,13,10,None,None,None,None,puppo
707,785515384317313025,,,2016-10-10 16:20:36 +0000,"<a href=""http://twitter.com/download/iphone"" rel=""nofollow"">Twitter for iPhone</a>","Today, 10/10, should be National Dog Rates Day",,,,,10,10,None,None,None,None,None
843,766714921925144576,7.667118193648886e+17,4196983835.0,2016-08-19 19:14:16 +0000,"<a href=""http://twitter.com/download/iphone"" rel=""nofollow"">Twitter for iPhone</a>",His name is Charley and he already has a new set of wheels thanks to donations. I heard his top speed was also increased. 13/10 for Charley,,,,,13,10,None,None,None,None,None
857,763956972077010945,7.638651745539645e+17,15846407.0,2016-08-12 04:35:10 +0000,"<a href=""http://twitter.com/download/iphone"" rel=""nofollow"">Twitter for iPhone</a>",@TheEllenShow I'm not sure if you know this but that doggo right there is a 12/10,,,,,12,10,None,doggo,None,None,None
967,750381685133418496,7.501804988324045e+17,4717297476.0,2016-07-05 17:31:49 +0000,"<a href=""http://twitter.com/download/iphone"" rel=""nofollow"">Twitter for iPhone</a>","13/10 such a good doggo
@spaghemily",,,,,13,10,None,doggo,None,None,None
1005,747651430853525504,7.476486538174136e+17,4196983835.0,2016-06-28 04:42:46 +0000,"<a href=""http://twitter.com/download/iphone"" rel=""nofollow"">Twitter for iPhone</a>",Other pupper asked not to have his identity shared. Probably just embarrassed about the headbutt. Also 12/10 it'll be ok mystery pup,,,,,12,10,None,None,None,pupper,None
1080,738891149612572673,7.384119198962852e+17,358972768.0,2016-06-04 00:32:32 +0000,"<a href=""http://twitter.com/download/iphone"" rel=""nofollow"">Twitter for iPhone</a>",@mount_alex3 13/10,,,,,13,10,None,None,None,None,None
1295,707983188426153984,7.079800658926674e+17,2319108198.0,2016-03-10 17:35:20 +0000,"<a href=""http://twitter.com/download/iphone"" rel=""nofollow"">Twitter for iPhone</a>",@serial @MrRoles OH MY GOD I listened to all of season 1 during a single road trip. I love you guys! I can confirm Bernie's 12/10 rating :),,,,,12,10,None,None,None,None,None
1345,704491224099647488,7.044857446399099e+17,28785486.0,2016-03-01 02:19:31 +0000,"<a href=""http://twitter.com/download/iphone"" rel=""nofollow"">Twitter for iPhone</a>","13/10 hero af
@ABC",,,,,13,10,None,None,None,None,None
1445,696518437233913856,,,2016-02-08 02:18:30 +0000,"<a href=""http://twitter.com/download/iphone"" rel=""nofollow"">Twitter for iPhone</a>",Oh my god 10/10 for every little hot dog pupper,,,,,10,10,None,None,None,pupper,None
1446,696490539101908992,6.964887109012603e+17,4196983835.0,2016-02-08 00:27:39 +0000,"<a href=""http://twitter.com/download/iphone"" rel=""nofollow"">Twitter for iPhone</a>",After reading the comments I may have overestimated this pup. Downgraded to a 1/10. Please forgive me,,,,,1,10,None,None,None,None,None
1474,693644216740769793,6.936422321512858e+17,4196983835.0,2016-01-31 03:57:23 +0000,"<a href=""http://twitter.com/download/iphone"" rel=""nofollow"">Twitter for iPhone</a>",BREAKING PUPDATE: I've just been notified that (if in U.S.) this dog appears to be operating the vehicle. Upgraded to 10/10. Skilled af,,,,,10,10,None,None,None,None,None
1479,693582294167244802,6.935722159383675e+17,1198988510.0,2016-01-30 23:51:19 +0000,"<a href=""http://twitter.com/download/iphone"" rel=""nofollow"">Twitter for iPhone</a>","Personally I'd give him an 11/10. Not sure why you think you're qualified to rate such a stellar pup.
@CommonWhiteGirI",,,,,11,10,None,None,None,None,None
1497,692423280028966913,6.924173130233324e+17,4196983835.0,2016-01-27 19:05:49 +0000,"<a href=""http://twitter.com/download/iphone"" rel=""nofollow"">Twitter for iPhone</a>",PUPDATE: just noticed this dog has some extra legs. Very advanced. Revolutionary af. Upgraded to a 9/10,,,,,9,10,None,None,None,None,None
1523,690607260360429569,6.903412535490028e+17,467036706.0,2016-01-22 18:49:36 +0000,"<a href=""http://twitter.com/download/iphone"" rel=""nofollow"">Twitter for iPhone</a>",12/10 @LightningHoltt,,,,,12,10,None,None,None,None,None
1598,686035780142297088,6.860340248008622e+17,4196983835.0,2016-01-10 04:04:10 +0000,"<a href=""http://twitter.com/download/iphone"" rel=""nofollow"">Twitter for iPhone</a>","Yes I do realize a rating of 4/20 would've been fitting. However, it would be unjust to give these cooperative pups that low of a rating",,,,,4,20,None,None,None,None,None
1605,685681090388975616,6.855479360386662e+17,4196983835.0,2016-01-09 04:34:45 +0000,"<a href=""http://twitter.com/download/iphone"" rel=""nofollow"">Twitter for iPhone</a>",Jack deserves another round of applause. If you missed this earlier today I strongly suggest reading it. Wonderful first 14/10 🐶❤️,,,,,14,10,None,None,None,None,None
1618,684969860808454144,6.849597985851105e+17,4196983835.0,2016-01-07 05:28:35 +0000,"<a href=""http://twitter.com/download/iphone"" rel=""nofollow"">Twitter for iPhone</a>","For those who claim this is a goat, u are wrong. It is not the Greatest Of All Time. The rating of 5/10 should have made that clear. Thank u",,,,,5,10,None,None,None,None,None
1663,682808988178739200,6.827884415375606e+17,4196983835.0,2016-01-01 06:22:03 +0000,"<a href=""http://twitter.com/download/iphone"" rel=""nofollow"">Twitter for iPhone</a>","I'm aware that I could've said 20/16, but here at WeRateDogs we are very professional. An inconsistent rating scale is simply irresponsible",,,,,20,16,None,None,None,None,None
1689,681340665377193984,6.813394486558024e+17,4196983835.0,2015-12-28 05:07:27 +0000,"<a href=""http://twitter.com/download/iphone"" rel=""nofollow"">Twitter for iPhone</a>",I've been told there's a slight possibility he's checking his mirror. We'll bump to 9.5/10. Still a menace,,,,,5,10,None,None,None,None,None
1774,678023323247357953,6.780211157180293e+17,4196983835.0,2015-12-19 01:25:31 +0000,"<a href=""http://twitter.com/download/iphone"" rel=""nofollow"">Twitter for iPhone</a>",After getting lost in Reese's eyes for several minutes we're going to upgrade him to a 13/10,,,,,13,10,None,None,None,None,None
1819,676590572941893632,6.765883460978524e+17,4196983835.0,2015-12-15 02:32:17 +0000,"<a href=""http://twitter.com/download/iphone"" rel=""nofollow"">Twitter for iPhone</a>",After some outrage from the crowd. Bubbles is being upgraded to a 7/10. That's as high as I'm going. Thank you,,,,,7,10,None,None,None,None,None
1844,675849018447167488,6.758456573542154e+17,4196983835.0,2015-12-13 01:25:37 +0000,"<a href=""http://twitter.com/download/iphone"" rel=""nofollow"">Twitter for iPhone</a>",This dog is being demoted to a 9/10 for not wearing a helmet while riding. Gotta stay safe out there. Thank you,,,,,9,10,None,None,None,None,None
1895,674742531037511680,6.747399531344036e+17,4196983835.0,2015-12-10 00:08:50 +0000,"<a href=""http://twitter.com/download/iphone"" rel=""nofollow"">Twitter for iPhone</a>",Some clarification is required. The dog is singing Cher and that is more than worthy of an 11/10. Thank you,,,,,11,10,None,None,None,None,None
1905,674606911342424069,6.744688808997888e+17,4196983835.0,2015-12-09 15:09:55 +0000,"<a href=""http://twitter.com/download/iphone"" rel=""nofollow"">Twitter for iPhone</a>",The 13/10 also takes into account this impeccable yard. Louis is great but the future dad in me can't ignore that luscious green grass,,,,,13,10,None,None,None,None,None
1914,674330906434379776,6.658146967007232e+17,16374678.0,2015-12-08 20:53:11 +0000,"<a href=""http://twitter.com/download/iphone"" rel=""nofollow"">Twitter for iPhone</a>","13/10
@ABC7",,,,,13,10,None,None,None,None,None
1940,673716320723169284,6.737158618537206e+17,4196983835.0,2015-12-07 04:11:02 +0000,"<a href=""http://twitter.com/download/iphone"" rel=""nofollow"">Twitter for iPhone</a>",The millennials have spoken and we've decided to immediately demote to a 1/10. Thank you,,,,,1,10,None,None,None,None,None
2038,671550332464455680,6.715448741650022e+17,4196983835.0,2015-12-01 04:44:10 +0000,"<a href=""http://twitter.com/download/iphone"" rel=""nofollow"">Twitter for iPhone</a>",After 22 minutes of careful deliberation this dog is being demoted to a 1/10. The longer you look at him the more terrifying he becomes,,,,,1,10,None,None,None,None,None
2149,669684865554620416,6.693543826270495e+17,4196983835.0,2015-11-26 01:11:28 +0000,"<a href=""http://twitter.com/download/iphone"" rel=""nofollow"">Twitter for iPhone</a>",After countless hours of research and hundreds of formula alterations we have concluded that Dug should be bumped to an 11/10,,,,,11,10,None,None,None,None,None
2189,668967877119254528,6.689207171325829e+17,21435658.0,2015-11-24 01:42:25 +0000,"<a href=""http://twitter.com/download/iphone"" rel=""nofollow"">Twitter for iPhone</a>","12/10 good shit Bubka
@wane15",,,,,12,10,None,None,None,None,None
2298,667070482143944705,6.670655355705508e+17,4196983835.0,2015-11-18 20:02:51 +0000,"<a href=""http://twitter.com/download/iphone"" rel=""nofollow"">Twitter for iPhone</a>",After much debate this dog is being upgraded to 10/10. I repeat 10/10,,,,,10,10,None,None,None,None,None
